Date,Open Price,High Price,Low Price,Close Price,WAP,No.of Shares,No. of Trades,Total Turnover (Rs.),Deliverable Quantity,% Deli. Qty to Traded Qty,Spread High-Low,Spread Close-Open,Unix Date
2021-05-14,1170.0,1210.05,1170.0,1185.8,1191.2753246753248,385.0,129.0,458641.0,308.0,80.0,40.04999999999996,15.799999999999955,1620930600.0
2021-05-12,1195.0,1200.9,1143.95,1150.3,1166.9504296100465,1513.0,210.0,1765596.0,1233.0,81.49,56.950000000000045,-44.700000000000045,1620757800.0
2021-05-10,1211.15,1211.15,1173.95,1183.45,1183.1381215469614,362.0,131.0,428296.0,241.0,66.57,37.200000000000045,-27.700000000000053,1620585000.0
2021-05-07,1191.15,1209.3,1178.7,1194.0,1194.3861386138615,505.0,221.0,603165.0,301.0,59.6,30.59999999999991,2.8499999999999086,1620345600.0
2021-05-06,1193.1,1214.55,1134.15,1164.5,1159.3063263041065,1802.0,290.0,2089070.0,1396.0,77.47,80.39999999999986,-28.59999999999991,1620259200.0
2021-05-05,1135.0,1295.0,1120.8,1181.15,1214.3689839572191,4488.0,1143.0,5450088.0,2432.0,54.19,174.20000000000005,46.150000000000105,1620153000.0
2021-05-04,1116.15,1156.2,1116.15,1133.55,1134.1777777777775,135.0,61.0,153114.0,84.0,62.22,40.05,17.4,1620086400.0
2021-05-03,1130.0,1145.05,1093.6,1132.35,1132.2542787286066,409.0,73.0,463092.0,204.0,49.88,51.45,2.35,1620000000.0
2021-04-30,1113.4,1142.5,1108.0,1129.3,1121.049504950495,101.0,59.0,113226.0,55.0,54.46,34.5,15.9,1619740800.0
2021-04-29,1114.45,1119.75,1087.95,1099.9,1099.7133027522937,436.0,184.0,479475.0,309.0,70.87,31.8,-14.55,1619654400.0
2021-04-28,1126.55,1144.4,1106.95,1111.95,1121.2804532577904,353.0,142.0,395812.0,252.0,71.39,37.45,-14.6,1619568000.0
2021-04-27,1115.7,1132.9,1106.55,1126.55,1118.0432801822324,439.0,121.0,490821.0,362.0,82.46,26.35,10.85,1619481600.0
2021-04-26,1103.8,1123.6,1103.8,1113.45,1111.6511627906975,86.0,44.0,95602.0,63.0,73.26,19.8,9.65,1619395200.0
2021-04-23,1074.0,1128.6,1073.3,1092.05,1093.8072625698323,358.0,84.0,391583.0,149.0,41.62,55.3,18.05,1619136000.0
2021-04-22,1114.25,1134.0,1061.05,1066.85,1086.2827988338192,343.0,165.0,372595.0,200.0,58.31,72.95,-47.4,1619049600.0
2021-04-20,1140.45,1140.45,1084.95,1103.4,1111.4316702819956,461.0,146.0,512370.0,317.0,68.76,55.5,-37.05,1618876800.0
2021-04-19,1110.0,1163.15,1110.0,1134.0,1126.2551521099115,1019.0,375.0,1147654.0,724.0,71.05,53.15,24.0,1618790400.0
2021-04-16,1134.85,1214.0,1125.0,1190.95,1155.0544662309371,459.0,227.0,530170.0,312.0,67.97,89.0,56.1,1618531200.0
2021-04-15,1175.9,1184.35,1134.85,1152.05,1159.74,500.0,155.0,579870.0,401.0,80.2,49.5,-23.85,1618444800.0
2021-04-13,1179.55,1199.0,1163.0,1186.2,1185.428571428571,49.0,26.0,58086.0,33.0,67.35,36.0,6.65,1618272000.0
2021-04-12,1230.0,1230.0,1166.2,1178.5,1176.4967061923585,759.0,233.0,892961.0,574.0,75.63,63.8,-51.5,1618185600.0
2021-04-09,1284.35,1301.4,1228.7,1246.65,1271.3765432098764,162.0,80.0,205963.0,56.0,34.57,72.7,-37.7,1617926400.0
2021-04-08,1274.3,1295.0,1266.0,1279.45,1281.5710784313726,408.0,115.0,522881.0,332.0,81.37,29.0,5.15,1617840000.0
2021-04-07,1294.0,1297.15,1261.0,1268.45,1277.2881355932204,295.0,80.0,376800.0,178.0,60.34,36.15,-25.55,1617753600.0
2021-04-06,1309.0,1320.1,1290.3,1303.4,1307.6611374407582,422.0,186.0,551833.0,278.0,65.88,29.8,-5.6,1617667200.0
2021-04-05,1294.0,1357.65,1277.95,1327.8,1315.824120603015,1393.0,574.0,1832943.0,1058.0,75.95,79.7,33.8,1617580800.0
2021-04-01,1300.85,1346.0,1235.0,1311.85,1309.4718406593406,4368.0,905.0,5719773.0,1633.0,37.39,111.0,11.0,1617235200.0
2021-03-31,1218.55,1261.3,1206.95,1239.95,1225.4251968503936,889.0,230.0,1089403.0,814.0,91.56,54.35,21.4,1617148800.0
2021-03-30,1201.0,1237.75,1186.95,1229.95,1213.3854748603353,179.0,64.0,217196.0,160.0,89.39,50.8,28.95,1617062400.0
2021-03-26,1210.0,1223.7,1197.7,1205.95,1210.515191545575,757.0,120.0,916360.0,650.0,85.87,26.0,-4.05,1616716800.0
2021-03-25,1208.2,1208.2,1159.5,1200.0,1170.8381770145309,1514.0,193.0,1772649.0,1314.0,86.79,48.7,-8.2,1616630400.0
2021-03-24,1181.0,1210.0,1173.7,1195.1,1181.5317115551693,1151.0,269.0,1359943.0,1038.0,90.18,36.3,14.1,1616544000.0
2021-03-23,1187.0,1219.3,1169.85,1173.2,1192.60469667319,511.0,243.0,609421.0,378.0,73.97,49.45,-13.8,1616457600.0
2021-03-22,1239.35,1239.35,1167.4,1207.4,1186.5705128205127,312.0,127.0,370210.0,153.0,49.04,71.95,-31.95,1616371200.0
2021-03-19,1163.0,1176.9,1152.65,1172.9,1160.1738317757006,535.0,120.0,620693.0,479.0,89.53,24.25,9.9,1616112000.0
2021-03-18,1190.0,1190.9,1152.65,1177.9,1175.3222222222225,540.0,199.0,634674.0,452.0,83.7,38.25,-12.1,1616025600.0
2021-03-17,1178.7,1210.0,1173.35,1181.05,1186.2379679144385,374.0,139.0,443653.0,247.0,66.04,36.65,2.35,1615939200.0
2021-03-16,1173.95,1184.55,1144.1,1147.95,1150.3083164300199,986.0,406.0,1134204.0,862.0,87.42,40.45,-26.0,1615852800.0
2021-03-15,1180.0,1185.05,1164.05,1174.85,1174.4875717017208,523.0,144.0,614257.0,467.0,89.29,21.0,-5.15,1615766400.0
2021-03-12,1204.5,1215.0,1164.65,1204.55,1193.0797773654915,539.0,100.0,643070.0,366.0,67.9,50.35,0.05,1615507200.0
2021-03-10,1201.25,1204.45,1182.75,1196.2,1196.6580086580086,231.0,111.0,276428.0,169.0,73.16,21.7,-5.05,1615334400.0
2021-03-09,1197.0,1216.0,1197.0,1211.3,1207.0166666666667,540.0,130.0,651789.0,358.0,66.3,19.0,14.3,1615248000.0
2021-03-08,1194.0,1194.0,1168.4,1179.35,1183.529304029304,546.0,128.0,646207.0,373.0,68.32,25.6,-14.65,1615161600.0
2021-03-05,1186.1,1217.65,1180.8,1188.6,1201.2074363992172,511.0,117.0,613817.0,340.0,66.54,36.85,2.5,1614902400.0
2021-03-04,1205.0,1205.0,1180.6,1185.3,1198.2113970588236,544.0,151.0,651827.0,318.0,58.46,24.4,-19.7,1614816000.0
2021-03-03,1212.05,1214.8,1185.9,1206.3,1201.4434589800446,451.0,142.0,541851.0,302.0,66.96,28.9,-5.75,1614729600.0
2021-03-02,1182.95,1213.6,1178.8,1211.55,1189.4718309859156,710.0,132.0,844525.0,489.0,68.87,34.8,28.6,1614643200.0
2021-03-01,1211.7,1215.65,1159.5,1162.2,1172.656,750.0,149.0,879492.0,535.0,71.33,56.15,-49.5,1614556800.0
2021-02-26,1168.3,1225.05,1147.5,1207.25,1196.7672222222222,1800.0,529.0,2154181.0,1078.0,59.89,77.55,38.95,1614297600.0
2021-02-25,1186.05,1199.1,1155.0,1193.8,1181.668,500.0,206.0,590834.0,303.0,60.6,44.1,7.75,1614211200.0
2021-02-24,1145.0,1197.3,1112.0,1155.85,1153.1717763751128,2218.0,224.0,2557735.0,1337.0,60.28,85.3,10.85,1614124800.0
2021-02-23,1169.15,1185.0,1132.0,1146.25,1159.823151125402,622.0,136.0,721410.0,232.0,37.3,53.0,-22.9,1614038400.0
2021-02-22,1191.6,1191.6,1162.05,1163.8,1172.5347593582887,187.0,74.0,219264.0,134.0,71.66,29.55,-27.8,1613952000.0
2021-02-19,1192.25,1204.5,1192.0,1197.45,1199.2104377104374,594.0,173.0,712331.0,529.0,89.06,12.5,5.2,1613692800.0
2021-02-18,1219.0,1227.05,1189.0,1205.3,1208.977366255144,486.0,110.0,587563.0,292.0,60.08,38.05,-13.7,1613606400.0
2021-02-17,1187.95,1247.0,1187.95,1222.65,1221.2098692033294,1682.0,205.0,2054075.0,1344.0,79.9,59.05,34.7,1613520000.0
2021-02-16,1230.85,1246.8,1219.95,1226.9,1232.807453416149,805.0,177.0,992410.0,422.0,52.42,26.85,-3.95,1613433600.0
2021-02-15,1177.0,1235.0,1177.0,1225.9,1220.3989455184535,1138.0,252.0,1388814.0,744.0,65.38,58.0,48.9,1613347200.0
2021-02-12,1220.2,1295.8,1217.05,1235.6,1252.7795502092056,3824.0,655.0,4790629.0,2617.0,68.44,78.75,15.4,1613088000.0
2021-02-11,1193.35,1346.35,1193.25,1288.85,1230.8778054862842,1203.0,169.0,1480746.0,818.0,68.0,153.1,95.5,1613001600.0
2021-02-10,1203.15,1223.0,1202.15,1216.65,1214.366560622128,2829.0,491.0,3435443.0,2042.0,72.18,20.85,13.5,1612915200.0
2021-02-09,1199.0,1225.0,1175.6,1203.15,1200.8017574692442,5690.0,1082.0,6832562.0,4228.0,74.31,49.4,4.15,1612828800.0
2021-02-08,1145.0,1210.0,1136.35,1183.25,1169.597813199842,7591.0,1336.0,8878417.0,6163.0,81.19,73.65,38.25,1612742400.0
2021-02-05,1052.1,1140.35,1052.1,1132.45,1105.7433829973706,5705.0,1455.0,6308266.0,4311.0,75.57,88.25,80.35,1612483200.0
2021-02-04,1067.1,1071.95,1059.95,1070.15,1068.0604719764012,678.0,179.0,724145.0,390.0,57.52,12.0,3.05,1612396800.0
2021-02-03,1070.0,1079.1,1022.65,1069.3,1051.052338052338,2331.0,332.0,2450003.0,1615.0,69.28,56.45,-0.7,1612310400.0
2021-02-02,1065.0,1099.9,1045.05,1061.3,1066.6022913256957,2444.0,451.0,2606776.0,782.0,32.0,54.85,-3.7,1612224000.0
2021-02-01,1019.3,1055.35,1015.0,1041.35,1037.0858034321373,1282.0,354.0,1329544.0,776.0,60.53,40.35,22.05,1612137600.0
2021-01-29,1004.55,1029.8,995.35,1015.5,1009.2865329512892,698.0,191.0,704482.0,504.0,72.21,34.45,10.95,1611878400.0
2021-01-28,1023.7,1027.55,990.0,1004.2,1004.2442748091603,393.0,88.0,394668.0,267.0,67.94,37.55,-19.5,1611792000.0
2021-01-27,1029.8,1040.0,1002.45,1016.0,1029.1993670886077,316.0,104.0,325227.0,170.0,53.8,37.55,-13.8,1611705600.0
2021-01-25,1035.05,1037.65,1010.0,1028.2,1023.305439330544,478.0,187.0,489140.0,344.0,71.97,27.65,-6.85,1611532800.0
2021-01-22,1047.3,1065.2,1015.0,1054.0,1050.843537414966,294.0,82.0,308948.0,255.0,86.73,50.2,6.7,1611273600.0
2021-01-21,1074.8,1095.45,1050.0,1050.85,1071.2962962962963,1188.0,363.0,1272700.0,785.0,66.08,45.45,-23.95,1611187200.0
2021-01-20,1061.95,1072.0,1050.0,1062.55,1066.0548628428928,401.0,63.0,427488.0,310.0,77.31,22.0,0.6,1611100800.0
2021-01-19,1069.7,1069.7,1055.4,1056.15,1058.9346405228757,153.0,63.0,162017.0,50.0,32.68,14.3,-13.55,1611014400.0
2021-01-18,1065.25,1069.0,1048.95,1052.45,1057.928125,640.0,154.0,677074.0,434.0,67.81,20.05,-12.8,1610928000.0
2021-01-15,1070.0,1083.45,1061.55,1065.25,1069.092257001647,607.0,148.0,648939.0,368.0,60.63,21.9,-4.75,1610668800.0
2021-01-14,1085.4,1099.65,1058.05,1078.15,1078.0545625587959,1063.0,358.0,1145972.0,548.0,51.55,41.6,-7.25,1610582400.0
2021-01-13,1067.0,1095.0,1049.75,1080.25,1050.1203310715084,1005825.0,1257.0,1056237282.0,997681.0,99.19,45.25,13.25,1610496000.0
2021-01-12,1070.95,1070.95,1053.45,1057.15,1060.9456355283307,1306.0,294.0,1385595.0,1081.0,82.77,17.5,-13.8,1610409600.0
2021-01-11,1075.0,1172.0,1032.0,1058.35,1062.703502129673,4226.0,610.0,4490985.0,2465.0,58.33,140.0,-16.65,1610323200.0
2021-01-08,1025.05,1060.25,1025.05,1052.35,1050.5303326810176,511.0,142.0,536821.0,467.0,91.39,35.2,27.3,1610064000.0
2021-01-07,1042.45,1044.45,1030.0,1035.5,1038.086682427108,1269.0,347.0,1317332.0,1111.0,87.55,14.45,-6.95,1609977600.0
2021-01-06,1067.3,1095.25,1025.05,1028.3,1083.3796962430056,1251.0,180.0,1355308.0,1120.0,89.53,70.2,-39.0,1609891200.0
2021-01-05,1052.05,1072.45,1043.0,1059.25,1059.5182038834953,824.0,356.0,873043.0,610.0,74.03,29.45,7.2,1609804800.0
2021-01-04,1028.0,1058.95,1010.0,1053.4,1039.710631895687,1994.0,564.0,2073183.0,1622.0,81.34,48.95,25.4,1609718400.0
2021-01-01,1045.5,1045.5,998.0,1028.8,1017.1214953271028,1070.0,361.0,1088320.0,664.0,62.06,47.5,-16.7,1609459200.0
2020-12-31,1020.35,1040.0,1001.45,1022.4,1020.609671179884,2585.0,158.0,2638276.0,2298.0,88.9,38.55,2.05,1609372800.0
2020-12-30,992.0,1013.95,986.95,1002.75,998.6245614035088,285.0,104.0,284608.0,139.0,48.77,27.0,10.75,1609286400.0
2020-12-29,1008.15,1011.4,991.0,998.35,1006.0384615384617,494.0,145.0,496983.0,367.0,74.29,20.4,-9.8,1609200000.0
2020-12-28,988.95,1013.9,986.05,1010.3,995.1815476190477,336.0,90.0,334381.0,144.0,42.86,27.85,21.35,1609113600.0
2020-12-24,1009.9,1031.85,978.0,979.35,993.866554054054,592.0,222.0,588369.0,320.0,54.05,53.85,-30.55,1608768000.0
2020-12-23,1008.95,1027.75,987.15,998.95,1003.8627450980392,561.0,156.0,563167.0,409.0,72.91,40.6,-10.0,1608681600.0
2020-12-22,1000.0,1000.0,960.55,995.3,975.4846416382253,879.0,226.0,857451.0,639.0,72.7,39.45,-4.7,1608595200.0
2020-12-21,1044.0,1044.0,986.95,1005.15,1029.1426229508195,610.0,200.0,627777.0,441.0,72.3,57.05,-38.85,1608508800.0
2020-12-18,1028.5,1062.45,1012.55,1043.85,1027.1548946716232,807.0,311.0,828914.0,623.0,77.2,49.9,15.35,1608249600.0
2020-12-17,1053.25,1065.0,1023.6,1029.3,1037.9963636363636,275.0,94.0,285449.0,158.0,57.45,41.4,-23.95,1608163200.0
2020-12-16,1060.0,1070.0,1041.4,1046.1,1050.1764705882354,119.0,53.0,124971.0,80.0,67.23,28.6,-13.9,1608076800.0
2020-12-15,1067.85,1077.1,1044.25,1055.65,1064.5722253206916,1793.0,274.0,1908778.0,1415.0,78.92,32.85,-12.2,1607990400.0
2020-12-14,1053.0,1087.85,1053.0,1065.75,1069.857421875,512.0,219.0,547767.0,316.0,61.72,34.85,12.75,1607904000.0
2020-12-11,1053.55,1073.7,1033.25,1044.8,1059.5874045801531,2620.0,616.0,2776119.0,2025.0,77.29,40.45,-8.75,1607644800.0
2020-12-10,1022.9,1067.4,1022.9,1053.55,1052.8291746641073,1563.0,393.0,1645572.0,922.0,58.99,44.5,30.65,1607558400.0
2020-12-09,1006.85,1015.2,1000.55,1014.05,1006.8134328358208,134.0,53.0,134913.0,112.0,83.58,14.65,7.2,1607472000.0
2020-12-08,988.2,1018.2,988.2,1007.6,1012.5573997233748,723.0,234.0,732079.0,671.0,92.81,30.0,19.4,1607385600.0
2020-12-07,1008.1,1009.05,997.85,1005.4,1003.7124277456649,692.0,219.0,694569.0,496.0,71.68,11.2,-2.7,1607299200.0
2020-12-04,1004.0,1005.0,990.4,1002.9,1002.7932330827067,1064.0,162.0,1066972.0,1043.0,98.03,14.6,-1.1,1607040000.0
2020-12-03,992.75,1006.75,988.9,992.2,1003.9482014388487,1390.0,110.0,1395488.0,1341.0,96.47,17.85,-0.55,1606953600.0
2020-12-02,995.95,1008.1,991.7,995.95,998.7331460674156,356.0,104.0,355549.0,298.0,83.71,16.4,0.0,1606867200.0
2020-12-01,1017.6,1017.6,990.45,999.3,1001.5670103092784,97.0,56.0,97152.0,61.0,62.89,27.15,-18.3,1606780800.0
2020-11-27,957.35,1025.0,950.45,1009.2,1000.0404624277456,346.0,127.0,346014.0,259.0,74.86,74.55,51.85,1606435200.0
2020-11-26,958.8,959.4,946.95,950.05,951.441489361702,188.0,45.0,178871.0,142.0,75.53,12.45,-8.75,1606348800.0
2020-11-25,989.1,992.05,946.95,965.5,964.507399577167,946.0,278.0,912424.0,555.0,58.67,45.1,-23.6,1606262400.0
2020-11-24,993.7,997.4,984.05,997.05,991.381818181818,55.0,30.0,54526.0,38.0,69.09,13.35,3.35,1606176000.0
2020-11-23,1001.4,1001.4,983.0,989.65,994.42,550.0,211.0,546931.0,327.0,59.45,18.4,-11.75,1606089600.0
2020-11-20,998.95,998.95,993.0,993.0,995.1632653061224,98.0,18.0,97526.0,91.0,92.86,5.95,-5.95,1605830400.0
2020-11-19,1002.6,1002.65,980.2,997.45,994.41875,160.0,58.0,159107.0,93.0,58.12,22.45,-5.15,1605744000.0
2020-11-18,1007.9,1008.0,977.35,998.95,994.7224168126096,1142.0,236.0,1135973.0,868.0,76.01,30.65,-8.95,1605657600.0
2020-11-17,977.8,1000.8,961.55,995.65,987.8563049853373,341.0,159.0,336859.0,212.0,62.17,39.25,17.85,1605571200.0
2020-11-14,960.0,980.0,954.45,967.4,968.063725490196,204.0,51.0,197485.0,149.0,73.04,25.55,7.4,1605312000.0
2020-11-13,952.9,974.7,952.9,970.05,961.9150326797383,306.0,73.0,294346.0,256.0,83.66,21.8,17.15,1605225600.0
2020-11-12,885.0,946.65,885.0,938.5,896.9775784753363,446.0,60.0,400052.0,416.0,93.27,61.65,53.5,1605139200.0
2020-11-11,902.8,940.0,902.05,903.5,911.8531278331824,1103.0,201.0,1005774.0,317.0,28.74,37.95,0.7,1605052800.0
2020-11-10,917.0,917.0,890.0,896.6,902.1620745542947,617.0,293.0,556634.0,457.0,74.07,27.0,-20.4,1604966400.0
2020-11-09,911.55,922.95,899.0,915.0,907.1468926553673,354.0,131.0,321130.0,197.0,55.65,23.95,3.45,1604880000.0
2020-11-06,919.3,919.3,907.0,907.0,910.0045380028037,42089.0,42.0,38301181.0,42068.0,99.95,12.3,-12.3,1604620800.0
2020-11-05,904.85,924.05,895.0,919.3,915.0256217030897,1327.0,480.0,1214239.0,1027.0,77.39,29.05,14.45,1604534400.0
2020-11-04,899.55,902.9,897.0,899.45,898.4893617021277,94.0,33.0,84458.0,82.0,87.23,5.9,-0.1,1604448000.0
2020-11-03,914.65,917.0,885.0,897.2,907.0333333333333,90.0,46.0,81633.0,47.0,52.22,32.0,-17.45,1604361600.0
2020-11-02,904.35,916.95,897.85,909.0,905.1884057971016,69.0,41.0,62458.0,34.0,49.28,19.1,4.65,1604275200.0
2020-10-30,911.7,923.1,911.7,916.05,919.8018018018016,444.0,156.0,408392.0,422.0,95.04,11.4,4.35,1604016000.0
2020-10-29,886.95,916.1,880.0,913.85,896.5453677172875,1047.0,158.0,938683.0,832.0,79.47,36.1,26.9,1603929600.0
2020-10-28,911.95,946.7,898.2,927.25,921.3692206076618,1514.0,369.0,1394953.0,905.0,59.78,48.5,15.3,1603843200.0
2020-10-27,890.1,900.2,890.1,898.1,894.8947368421052,38.0,13.0,34006.0,33.0,86.84,10.1,8.0,1603756800.0
2020-10-26,906.65,911.85,896.25,896.6,901.5097690941384,563.0,161.0,507550.0,412.0,73.18,15.6,-10.05,1603670400.0
2020-10-23,910.85,930.0,900.0,907.35,909.2974051896208,501.0,128.0,455558.0,452.0,90.22,30.0,-3.5,1603411200.0
2020-10-22,910.05,912.0,897.2,902.45,905.5323076923075,325.0,164.0,294298.0,299.0,92.0,14.8,-7.6,1603324800.0
2020-10-21,916.35,944.5,894.55,907.85,912.3137829912024,1023.0,172.0,933297.0,804.0,78.59,49.95,-8.5,1603238400.0
2020-10-20,928.55,928.55,914.5,917.65,921.9665071770337,209.0,65.0,192691.0,141.0,67.46,14.05,-10.9,1603152000.0
2020-10-19,938.0,950.0,910.0,925.2,934.5671981776763,878.0,209.0,820550.0,641.0,73.01,40.0,-12.8,1603065600.0
2020-10-16,922.7,948.9,904.2,938.85,925.1238390092881,323.0,166.0,298815.0,228.0,70.59,44.7,16.15,1602806400.0
2020-10-15,942.3,942.3,901.35,920.25,928.6923076923076,455.0,179.0,422555.0,247.0,54.29,40.95,-22.05,1602720000.0
2020-10-14,890.1,934.1,890.1,934.1,919.0887850467288,428.0,177.0,393370.0,326.0,76.17,44.0,44.0,1602633600.0
2020-10-13,953.0,953.0,890.0,900.65,912.7793159609121,1228.0,401.0,1120893.0,976.0,79.48,63.0,-52.35,1602547200.0
2020-10-12,944.9,945.15,921.45,928.35,934.2897435897437,390.0,131.0,364373.0,287.0,73.59,23.7,-16.55,1602460800.0
2020-10-09,939.6,962.8,926.05,930.55,939.8954489544896,813.0,148.0,764135.0,682.0,83.89,36.75,-9.05,1602201600.0
2020-10-08,955.0,980.9,941.0,943.5,951.6554508748317,743.0,192.0,707080.0,429.0,57.74,39.9,-11.5,1602115200.0
2020-10-07,971.55,997.0,949.45,957.75,991.6959247648905,1595.0,150.0,1581755.0,1473.0,92.35,47.55,-13.8,1602028800.0
2020-10-06,971.5,994.9,954.1,976.25,970.3716814159293,791.0,215.0,767564.0,557.0,70.42,40.8,4.75,1601942400.0
2020-10-05,990.9,990.9,960.0,964.85,966.4259259259261,162.0,47.0,156561.0,146.0,90.12,30.9,-26.05,1601856000.0
2020-10-01,956.55,1000.0,955.6,988.6,980.0026455026456,378.0,112.0,370441.0,267.0,70.63,44.4,32.05,1601510400.0
2020-09-30,956.35,977.95,932.05,963.75,945.6552567237164,409.0,214.0,386773.0,138.0,33.74,45.9,7.4,1601424000.0
2020-09-29,980.05,980.05,943.2,955.9,966.8725314183124,557.0,125.0,538548.0,392.0,70.38,36.85,-24.15,1601337600.0
2020-09-28,984.95,995.0,975.0,980.4,987.0,6.0,6.0,5922.0,3.0,50.0,20.0,-4.55,1601251200.0
2020-09-25,976.6,976.6,962.55,964.55,968.0526315789473,95.0,55.0,91965.0,66.0,69.47,14.05,-12.05,1600992000.0
2020-09-24,975.0,1011.95,955.0,964.85,988.8767908309455,349.0,129.0,345118.0,219.0,62.75,56.95,-10.15,1600905600.0
2020-09-23,930.0,983.85,922.55,974.6,966.0700086430425,2314.0,181.0,2235486.0,2152.0,93.0,61.3,44.6,1600819200.0
2020-09-22,998.5,998.5,939.5,944.25,956.6098081023456,469.0,169.0,448650.0,357.0,76.12,59.0,-54.25,1600732800.0
2020-09-21,990.0,1025.7,932.55,980.05,995.5687086092717,1208.0,200.0,1202647.0,1016.0,84.11,93.15,-9.95,1600646400.0
2020-09-18,977.95,992.8,957.0,973.55,972.8792165397173,919.0,233.0,894076.0,721.0,78.45,35.8,-4.4,1600387200.0
2020-09-17,977.45,979.6,975.0,979.35,975.6969696969696,99.0,10.0,96594.0,98.0,98.99,4.6,1.9,1600300800.0
2020-09-16,987.1,993.45,970.65,973.4,979.2787941252252,3881.0,582.0,3800581.0,3704.0,95.44,22.8,-13.7,1600214400.0
2020-09-15,989.1,997.45,986.05,987.4,991.28125,32.0,21.0,31721.0,23.0,71.88,11.4,-1.7,1600128000.0
2020-09-14,981.1,1000.0,973.0,991.25,986.8670694864047,993.0,346.0,979959.0,751.0,75.63,27.0,10.15,1600041600.0
2020-09-11,962.0,987.0,962.0,980.4,981.6067961165048,412.0,145.0,404422.0,364.0,88.35,25.0,18.4,1599782400.0
2020-09-10,989.5,990.5,965.95,978.05,975.0317164179103,536.0,166.0,522617.0,392.0,73.13,24.55,-11.45,1599696000.0
2020-09-09,1003.65,1003.65,956.9,976.65,969.1540785498488,331.0,105.0,320790.0,281.0,84.89,46.75,-27.0,1599609600.0
2020-09-08,980.0,987.4,955.9,986.5,978.2323049001816,551.0,200.0,539006.0,439.0,79.67,31.5,6.5,1599523200.0
2020-09-07,1010.1,1010.1,979.0,989.55,987.7667493796528,403.0,128.0,398070.0,332.0,82.38,31.1,-20.55,1599436800.0
2020-09-04,999.1,1020.0,990.1,993.65,1000.0054589968132,403554.0,223.0,403556203.0,402209.0,99.67,29.9,-5.45,1599177600.0
2020-09-03,1009.7,1038.0,1005.0,1009.5,1020.9087523277467,537.0,176.0,548228.0,287.0,53.44,33.0,-0.2,1599091200.0
2020-09-02,1020.0,1032.55,1000.1,1005.1,1013.2480916030536,262.0,104.0,265471.0,176.0,67.18,32.45,-14.9,1599004800.0
2020-09-01,1023.95,1047.4,993.6,1029.85,1007.8131672597864,1124.0,274.0,1132782.0,961.0,85.5,53.8,5.9,1598918400.0
2020-08-31,1053.7,1055.0,1001.0,1026.0,1025.5488372093023,645.0,159.0,661479.0,466.0,72.25,54.0,-27.7,1598832000.0
2020-08-28,1053.65,1095.0,1038.4,1059.05,1063.4719531425997,4439.0,1279.0,4720752.0,3290.0,74.12,56.6,5.4,1598572800.0
2020-08-27,1099.1,1102.05,1068.2,1073.05,1085.876,250.0,109.0,271469.0,87.0,34.8,33.85,-26.05,1598486400.0
2020-08-26,1129.95,1129.95,1097.05,1099.75,1109.0043859649122,456.0,130.0,505706.0,382.0,83.77,32.9,-30.2,1598400000.0
2020-08-25,1173.6,1173.6,1112.0,1134.25,1134.3781634128704,1383.0,224.0,1568845.0,986.0,71.29,61.6,-39.35,1598313600.0
2020-08-24,1142.0,1143.4,1110.5,1132.8,1134.6075268817203,1488.0,323.0,1688296.0,999.0,67.14,32.9,-9.2,1598227200.0
2020-08-21,1165.0,1165.0,1101.0,1119.8,1124.4382066276803,2565.0,423.0,2884184.0,1890.0,73.68,64.0,-45.2,1597968000.0
2020-08-20,1164.95,1180.0,1107.0,1123.8,1137.9438596491227,3135.0,600.0,3567454.0,1528.0,48.74,73.0,-41.15,1597881600.0
2020-08-19,1179.8,1180.4,1112.65,1117.5,1153.7704447632711,697.0,226.0,804178.0,532.0,76.33,67.75,-62.3,1597795200.0
2020-08-18,1075.45,1167.85,1075.45,1144.15,1132.8643592142191,1069.0,195.0,1211032.0,813.0,76.05,92.4,68.7,1597708800.0
2020-08-17,1119.0,1119.0,1056.9,1065.0,1082.5375218150086,573.0,118.0,620294.0,343.0,59.86,62.1,-54.0,1597622400.0
2020-08-14,1053.85,1075.15,1053.85,1071.85,1068.8127090301005,598.0,126.0,639150.0,520.0,86.96,21.3,18.0,1597363200.0
2020-08-13,1085.0,1095.0,1067.4,1086.7,1082.2488888888888,450.0,94.0,487012.0,226.0,50.22,27.6,1.7,1597276800.0
2020-08-12,1083.5,1138.8,1059.0,1068.1,1089.1268436578173,339.0,93.0,369214.0,221.0,65.19,79.8,-15.4,1597190400.0
2020-08-11,1084.95,1122.85,1061.0,1083.2,1096.9601328903657,1204.0,385.0,1320740.0,876.0,72.76,61.85,-1.75,1597104000.0
2020-08-10,1051.25,1079.65,1040.9,1055.6,1055.8222222222225,45.0,31.0,47512.0,43.0,95.56,38.75,4.35,1597017600.0
2020-08-07,1044.1,1074.0,1020.0,1058.5,1052.7687861271677,173.0,76.0,182129.0,149.0,86.13,54.0,14.4,1596758400.0
2020-08-06,1046.35,1090.0,1014.1,1015.8,1054.5043478260868,115.0,67.0,121268.0,52.0,45.22,75.9,-30.55,1596672000.0
2020-08-05,1004.0,1047.0,998.8,1033.5,1021.7222222222224,90.0,38.0,91955.0,62.0,68.89,48.2,29.5,1596585600.0
2020-08-04,1010.0,1010.0,998.2,1001.3,1001.8898305084745,118.0,52.0,118223.0,109.0,92.37,11.8,-8.7,1596499200.0
2020-08-03,1168.0,1168.0,1000.0,1000.1,1033.4216867469881,249.0,82.0,257322.0,195.0,78.31,168.0,-167.9,1596412800.0
2020-07-31,984.6,1100.0,973.55,1059.6,1036.9234972677596,1098.0,272.0,1138542.0,1002.0,91.26,126.45,75.0,1596153600.0
2020-07-30,952.6,1000.0,952.6,999.6,996.9565826330532,714.0,196.0,711827.0,710.0,99.44,47.4,47.0,1596067200.0
2020-07-29,1000.0,1003.2,991.0,1000.2,995.5673076923076,104.0,40.0,103539.0,100.0,96.15,12.2,0.2,1595980800.0
2020-07-28,980.0,985.2,977.15,978.45,981.616,125.0,17.0,122702.0,71.0,56.8,8.05,-1.55,1595894400.0
2020-07-27,968.0,980.1,966.2,980.1,978.3525179856116,139.0,70.0,135991.0,114.0,82.01,13.9,12.1,1595808000.0
2020-07-24,976.55,1000.0,950.0,984.15,973.113537117904,229.0,76.0,222843.0,195.0,85.15,50.0,7.6,1595548800.0
2020-07-23,993.25,1010.0,981.75,988.1,991.65625,64.0,34.0,63466.0,39.0,60.94,28.25,-5.15,1595462400.0
2020-07-22,949.15,1009.55,949.15,983.1,983.5051162790696,1075.0,353.0,1057268.0,728.0,67.72,60.4,33.95,1595376000.0
2020-07-21,941.7,952.5,939.8,951.25,948.25,132.0,54.0,125169.0,99.0,75.0,12.7,9.55,1595289600.0
2020-07-20,935.0,950.0,935.0,950.0,941.4044943820224,89.0,32.0,83785.0,51.0,57.3,15.0,15.0,1595203200.0
2020-07-17,936.35,939.0,919.9,925.1,932.1822033898303,236.0,67.0,219995.0,148.0,62.71,19.1,-11.25,1594944000.0
2020-07-16,914.0,949.1,914.0,930.45,922.7976878612717,173.0,50.0,159644.0,136.0,78.61,35.1,16.45,1594857600.0
2020-07-15,939.1,957.45,928.1,929.05,939.0952380952382,168.0,66.0,157768.0,122.0,72.62,29.35,-10.05,1594771200.0
2020-07-14,945.3,950.75,930.2,948.0,942.1892744479496,317.0,87.0,298674.0,230.0,72.56,20.55,2.7,1594684800.0
2020-07-13,951.1,975.9,930.0,949.0,940.1360946745559,845.0,193.0,794415.0,683.0,80.83,45.9,-2.1,1594598400.0
2020-07-10,979.95,979.95,943.9,963.85,963.728846153846,520.0,102.0,501139.0,372.0,71.54,36.05,-16.1,1594339200.0
2020-07-09,991.0,1000.0,971.4,974.55,996.41015625,256.0,60.0,255081.0,243.0,94.92,28.6,-16.45,1594252800.0
2020-07-08,1018.9,1028.3,973.9,979.85,998.2915032679738,765.0,143.0,763693.0,415.0,54.25,54.4,-39.05,1594166400.0
2020-07-07,985.0,999.85,976.9,994.45,996.0995940610576,17983.0,70.0,17912859.0,17913.0,99.61,22.95,9.45,1594080000.0
2020-07-06,985.9,1000.0,979.35,987.15,990.7713414634146,328.0,50.0,324973.0,279.0,85.06,20.65,1.25,1593993600.0
2020-07-03,1000.65,1000.65,980.0,982.0,989.5762711864406,59.0,33.0,58385.0,54.0,91.53,20.65,-18.65,1593734400.0
2020-07-02,1003.45,1009.05,984.2,988.05,992.8344519015664,447.0,127.0,443797.0,350.0,78.3,24.85,-15.4,1593648000.0
2020-07-01,1015.0,1040.0,995.05,1000.9,1012.560396039604,505.0,101.0,511343.0,369.0,73.07,44.95,-14.1,1593561600.0
2020-06-30,1000.0,1051.85,999.6,1026.0,1029.2563829787234,940.0,217.0,967501.0,553.0,58.83,52.25,26.0,1593475200.0
2020-06-29,1017.05,1017.05,992.55,1000.85,1002.691489361702,94.0,26.0,94253.0,46.0,48.94,24.5,-16.2,1593388800.0
2020-06-26,1090.0,1090.0,981.1,1012.5,1029.5324074074074,2376.0,377.0,2446169.0,1485.0,62.5,108.9,-77.5,1593129600.0
2020-06-25,1002.0,1194.8,1002.0,1090.5,1121.5320886814468,5999.0,1367.0,6728071.0,2124.0,35.41,192.8,88.5,1593043200.0
2020-06-24,1180.0,1180.0,989.75,1002.1,1017.2039800995024,603.0,146.0,613374.0,387.0,64.18,190.25,-177.9,1592956800.0
2020-06-23,901.6,1016.55,901.6,1005.15,985.1609589041096,876.0,122.0,863001.0,543.0,61.99,114.95,103.55,1592870400.0
2020-06-22,994.75,996.95,963.95,996.95,978.8333333333333,36.0,20.0,35238.0,32.0,88.89,33.0,2.2,1592784000.0
2020-06-19,1010.0,1010.0,987.0,994.75,996.36,25.0,23.0,24909.0,17.0,68.0,23.0,-15.25,1592524800.0
2020-06-18,1005.0,1005.0,985.0,988.9,993.4640883977901,181.0,40.0,179817.0,131.0,72.38,20.0,-16.1,1592438400.0
2020-06-17,967.7,1000.0,967.7,996.7,995.1666666666664,102.0,9.0,101507.0,96.0,94.12,32.3,29.0,1592352000.0
2020-06-16,1036.05,1036.05,927.45,972.6,1005.7547169811321,159.0,68.0,159915.0,119.0,74.84,108.6,-63.45,1592265600.0
2020-06-15,1048.0,1109.8,958.9,1020.3,1044.8984615384616,650.0,175.0,679184.0,314.0,48.31,150.9,-27.7,1592179200.0
2020-06-12,958.3,970.0,955.25,961.2,955.4115083173384,50016.0,11.0,47785862.0,50015.0,100.0,14.75,2.9,1591920000.0
2020-06-11,1025.0,1025.0,954.0,972.45,988.9661016949153,59.0,28.0,58349.0,37.0,62.71,71.0,-52.55,1591833600.0
2020-06-10,1002.65,1004.6,1000.0,1004.6,1003.6842105263156,38.0,8.0,38140.0,38.0,100.0,4.6,1.95,1591747200.0
2020-06-09,994.5,1002.65,994.5,1002.45,998.8888888888887,9.0,3.0,8990.0,6.0,66.67,8.15,7.95,1591660800.0
2020-06-08,1040.7,1040.95,1001.0,1006.5,1020.7933884297521,121.0,30.0,123516.0,105.0,86.78,39.95,-34.2,1591574400.0
2020-06-05,958.35,1010.0,958.35,1000.1,998.2464788732393,142.0,86.0,141751.0,94.0,66.2,51.65,41.75,1591315200.0
2020-06-04,942.9,982.0,940.0,958.25,947.9052631578948,190.0,31.0,180102.0,78.0,41.05,42.0,15.35,1591228800.0
2020-06-03,920.0,921.0,898.2,902.6,916.7926829268292,82.0,33.0,75177.0,68.0,82.93,22.8,-17.4,1591142400.0
2020-06-02,896.0,914.0,896.0,899.95,899.8876404494383,89.0,27.0,80090.0,82.0,92.13,18.0,3.95,1591056000.0
2020-06-01,855.75,921.0,843.5,879.95,879.3700787401573,381.0,49.0,335040.0,243.0,63.78,77.5,24.2,1590969600.0
2020-05-29,860.0,860.0,840.2,845.55,846.8153310104532,287.0,34.0,243036.0,229.0,79.79,19.8,-14.45,1590710400.0
2020-05-27,854.9,875.0,846.35,854.4,853.7126436781607,87.0,10.0,74273.0,87.0,100.0,28.65,-0.5,1590537600.0
2020-05-26,837.45,856.65,831.6,856.0,836.1029185867894,651.0,105.0,544303.0,608.0,93.39,25.05,18.55,1590451200.0
2020-05-22,831.2,831.2,831.2,831.2,831.0,2.0,1.0,1662.0,2.0,100.0,0.0,0.0,1590105600.0
2020-05-21,850.0,850.0,810.0,825.35,828.3212121212123,165.0,34.0,136673.0,154.0,93.33,40.0,-24.65,1590019200.0
2020-05-20,838.0,838.0,838.0,838.0,838.0,15.0,15.0,12570.0,15.0,100.0,0.0,0.0,1589932800.0
2020-05-19,850.0,850.0,823.0,838.0,838.7672413793103,116.0,17.0,97297.0,102.0,87.93,27.0,-12.0,1589846400.0
2020-05-18,810.0,849.2,810.0,824.75,829.9626556016597,241.0,57.0,200021.0,237.0,98.34,39.2,14.75,1589760000.0
2020-05-15,845.0,865.45,838.0,860.85,853.8823529411764,51.0,8.0,43548.0,34.0,66.67,27.45,15.85,1589500800.0
2020-05-14,830.0,925.0,812.85,840.3,839.5177664974617,197.0,27.0,165385.0,170.0,86.29,112.15,10.3,1589414400.0
2020-05-13,901.5,901.5,856.85,860.45,880.9103139013455,223.0,21.0,196443.0,35.0,15.7,44.65,-41.05,1589328000.0
2020-05-12,860.0,865.5,845.9,846.7,856.3945578231293,147.0,31.0,125890.0,117.0,79.59,19.6,-13.3,1589241600.0
2020-05-11,871.5,875.0,863.0,863.0,870.5555555555555,9.0,6.0,7835.0,9.0,100.0,12.0,-8.5,1589155200.0
2020-05-08,915.0,915.0,895.0,895.0,913.9393939393941,33.0,5.0,30160.0,31.0,93.94,20.0,-20.0,1588896000.0
2020-05-06,894.65,914.1,880.0,889.65,891.3488372093022,43.0,35.0,38328.0,41.0,95.35,34.1,-5.0,1588723200.0
2020-05-05,928.0,928.0,885.55,911.8,909.4534534534532,333.0,56.0,302848.0,203.0,60.96,42.45,-16.2,1588636800.0
2020-05-04,1030.0,1040.0,905.0,919.6,945.6244897959184,245.0,63.0,231678.0,157.0,64.08,135.0,-110.4,1588550400.0
2020-04-30,921.1,968.9,907.95,945.6,936.8571428571428,105.0,28.0,98370.0,66.0,62.86,60.95,24.5,1588204800.0
2020-04-29,899.55,899.55,881.0,885.65,885.6296296296298,54.0,26.0,47824.0,50.0,92.59,18.55,-13.9,1588118400.0
2020-04-28,871.15,926.85,871.15,899.95,901.0857142857144,385.0,80.0,346918.0,334.0,86.75,55.7,28.8,1588032000.0
2020-04-27,900.0,900.0,880.0,881.9,886.1855670103091,97.0,37.0,85960.0,71.0,73.2,20.0,-18.1,1587945600.0
2020-04-24,910.1,929.8,884.9,893.5,899.9625,80.0,23.0,71997.0,55.0,68.75,44.9,-16.6,1587686400.0
2020-04-23,1015.0,1015.0,891.1,946.65,926.9074074074074,108.0,29.0,100106.0,63.0,58.33,123.9,-68.35,1587600000.0
2020-04-22,861.6,884.0,857.45,877.35,874.3888888888887,54.0,35.0,47217.0,42.0,77.78,26.55,15.75,1587513600.0
2020-04-21,891.0,896.5,870.1,876.0,882.25,80.0,14.0,70580.0,58.0,72.5,26.4,-15.0,1587427200.0
2020-04-20,942.0,944.5,910.0,929.55,938.1542168674698,415.0,70.0,389334.0,72.0,17.35,34.5,-12.45,1587340800.0
2020-04-17,973.15,983.8,949.0,959.95,959.7261904761904,84.0,38.0,80617.0,55.0,65.48,34.8,-13.2,1587081600.0
2020-04-16,980.6,980.6,925.05,934.4,945.4353562005276,379.0,61.0,358320.0,229.0,60.42,55.55,-46.2,1586995200.0
2020-04-15,999.75,1021.75,978.0,978.0,978.2790421531764,10106.0,30.0,9886488.0,10094.0,99.88,43.75,-21.75,1586908800.0
2020-04-13,990.5,1029.1,976.2,986.05,998.986301369863,73.0,46.0,72926.0,24.0,32.88,52.9,-4.45,1586736000.0
2020-04-09,1053.15,1074.1,992.55,998.15,1021.2571428571428,70.0,38.0,71488.0,47.0,67.14,81.55,-55.0,1586390400.0
2020-04-08,1021.0,1101.95,1021.0,1041.55,1079.7941176470588,136.0,39.0,146852.0,40.0,29.41,80.95,20.55,1586304000.0
2020-04-07,1007.85,1016.9,984.7,1001.8,1000.9469696969696,132.0,22.0,132125.0,65.0,49.24,32.2,-6.05,1586217600.0
2020-04-03,989.0,989.0,971.1,971.1,975.2307692307692,13.0,2.0,12678.0,13.0,100.0,17.9,-17.9,1585872000.0
2020-04-01,987.0,1030.0,987.0,1026.0,1014.875,8.0,8.0,8119.0,2.0,25.0,43.0,39.0,1585699200.0
2020-03-31,975.0,1016.15,950.0,987.15,976.4783950617284,324.0,94.0,316379.0,154.0,47.53,66.15,12.15,1585612800.0
2020-03-30,877.3,979.95,877.3,974.6,949.2643678160921,87.0,12.0,82586.0,65.0,74.71,102.65,97.3,1585526400.0
2020-03-27,997.7,997.7,932.8,944.15,967.0483516483516,455.0,54.0,440007.0,263.0,57.8,64.9,-53.55,1585267200.0
2020-03-26,985.0,987.95,930.0,985.15,948.8621553884713,1197.0,76.0,1135788.0,1115.0,93.15,57.95,0.15,1585180800.0
2020-03-25,880.0,929.4,861.0,898.15,897.0699300699298,143.0,51.0,128281.0,58.0,40.56,68.4,18.15,1585094400.0
2020-03-24,785.0,862.2,710.0,844.95,783.4659090909091,264.0,66.0,206835.0,168.0,63.64,152.2,59.95,1585008000.0
2020-03-23,785.0,855.0,782.85,783.85,816.8496932515338,2934.0,558.0,2396637.0,2626.0,89.5,72.15,-1.15,1584921600.0
2020-03-20,821.0,886.7,780.0,869.8,869.6436438733365,4358.0,403.0,3789907.0,2514.0,57.69,106.7,48.8,1584662400.0
2020-03-19,900.0,902.45,794.0,806.1,813.8061432713994,9311.0,1068.0,7577349.0,3886.0,41.74,108.45,-93.9,1584576000.0
2020-03-18,1112.9,1112.9,972.0,989.7,1008.6363044892647,3074.0,386.0,3100548.0,2872.0,93.43,140.9,-123.2,1584489600.0
2020-03-17,1115.0,1152.0,1089.05,1094.5,1112.0079575596815,377.0,117.0,419227.0,232.0,61.54,62.95,-20.5,1584403200.0
2020-03-16,1190.0,1215.0,1119.15,1154.8,1163.4744897959183,980.0,162.0,1140205.0,503.0,51.33,95.85,-35.2,1584316800.0
2020-03-13,1320.0,1320.0,1100.1,1241.5,1237.274833274833,2849.0,396.0,3524996.0,1876.0,65.85,219.9,-78.5,1584057600.0
2020-03-12,1322.25,1387.0,1164.95,1298.4,1237.6717040125066,1919.0,460.0,2375092.0,1039.0,54.14,222.05,-23.85,1583971200.0
2020-03-11,1374.0,1413.65,1370.0,1406.8,1405.1448427212874,1367.0,236.0,1920833.0,524.0,38.33,43.65,32.8,1583884800.0
2020-03-09,1406.15,1497.0,1356.0,1398.6,1400.5868961687952,1801.0,289.0,2522457.0,562.0,31.2,141.0,-7.55,1583712000.0
2020-03-06,1418.0,1518.0,1418.0,1469.7,1491.0521303258145,1995.0,382.0,2974649.0,778.0,39.0,100.0,51.7,1583452800.0
2020-03-05,1460.0,1532.0,1460.0,1479.65,1479.953895071542,629.0,162.0,930891.0,395.0,62.8,72.0,19.65,1583366400.0
2020-03-04,1458.55,1482.5,1440.0,1464.55,1464.0890756302524,1190.0,185.0,1742266.0,650.0,54.62,42.5,6.0,1583280000.0
2020-03-03,1463.5,1463.5,1444.75,1459.3,1453.1777777777775,45.0,15.0,65393.0,18.0,40.0,18.75,-4.2,1583193600.0
2020-03-02,1480.9,1518.0,1376.8,1417.35,1483.9818365287588,1982.0,265.0,2941252.0,1083.0,54.64,141.2,-63.55,1583107200.0
2020-02-28,1471.0,1479.6,1450.0,1466.15,1450.0582461564825,1062113.0,996.0,1540125714.0,1050121.0,98.87,29.6,-4.85,1582848000.0
2020-02-27,1488.6,1548.0,1486.0,1505.7,1528.1412932790224,3928.0,329.0,6002539.0,3797.0,96.66,62.0,17.1,1582761600.0
2020-02-26,1530.0,1533.25,1524.0,1533.25,1527.3014705882351,136.0,21.0,207713.0,118.0,86.76,9.25,3.25,1582675200.0
2020-02-25,1541.4,1573.6,1471.5,1544.05,1533.172424196711,13258.0,299.0,20326800.0,12935.0,97.56,102.1,2.65,1582588800.0
2020-02-24,1610.75,1610.75,1523.9,1532.85,1557.15234375,512.0,116.0,797262.0,440.0,85.94,86.85,-77.9,1582502400.0
2020-02-20,1631.0,1642.2,1582.35,1590.05,1616.1571815718155,738.0,188.0,1192724.0,440.0,59.62,59.85,-40.95,1582156800.0
2020-02-19,1570.0,1658.55,1565.0,1619.35,1582.003282028067,26508.0,340.0,41935743.0,25226.0,95.16,93.55,49.35,1582070400.0
2020-02-18,1536.0,1566.65,1430.0,1557.2,1494.118883218253,3331.0,495.0,4976910.0,2213.0,66.44,136.65,21.2,1581984000.0
2020-02-17,1542.1,1560.3,1530.0,1556.3,1537.6648230088495,904.0,64.0,1390049.0,732.0,80.97,30.3,14.2,1581897600.0
2020-02-14,1623.0,1638.1,1580.0,1588.55,1588.4668820678512,619.0,31.0,983261.0,596.0,96.28,58.1,-34.45,1581638400.0
2020-02-13,1564.9,1623.45,1564.9,1613.4,1593.3676680972815,2097.0,279.0,3341292.0,738.0,35.19,58.55,48.5,1581552000.0
2020-02-12,1526.65,1551.0,1511.6,1550.15,1540.1869918699185,123.0,24.0,189443.0,87.0,70.73,39.4,23.5,1581465600.0
2020-02-11,1474.0,1543.4,1466.9,1531.1,1511.6949541284405,436.0,94.0,659099.0,272.0,62.39,76.5,57.1,1581379200.0
2020-02-10,1406.1,1500.0,1406.1,1477.5,1465.032183908046,2175.0,210.0,3186445.0,1686.0,77.52,93.9,71.4,1581292800.0
2020-02-07,1370.0,1430.0,1370.0,1401.65,1415.8913183279742,1555.0,89.0,2201711.0,1460.0,93.89,60.0,31.65,1581033600.0
2020-02-06,1340.0,1375.2,1340.0,1372.3,1350.3103448275865,13369.0,41.0,18052299.0,13347.0,99.84,35.2,32.3,1580947200.0
2020-02-05,1335.0,1338.2,1324.95,1337.95,1334.8048780487804,82.0,19.0,109454.0,54.0,65.85,13.25,2.95,1580860800.0
2020-02-04,1360.05,1368.2,1336.0,1338.65,1351.3379204892965,654.0,79.0,883775.0,539.0,82.42,32.2,-21.4,1580774400.0
2020-02-03,1289.15,1328.2,1289.15,1321.0,1323.47868852459,305.0,86.0,403661.0,112.0,36.72,39.05,31.85,1580688000.0
2020-02-01,1347.0,1380.0,1347.0,1353.1,1375.8754385964914,570.0,36.0,784249.0,506.0,88.77,33.0,6.1,1580515200.0
2020-01-31,1333.8,1344.85,1315.7,1330.05,1330.0593963937904,20742.0,108.0,27588092.0,20515.0,98.91,29.15,-3.75,1580428800.0
2020-01-30,1321.6,1350.0,1300.0,1302.1,1300.2641494591935,25425.0,70.0,33059216.0,25201.0,99.12,50.0,-19.5,1580342400.0
2020-01-29,1292.0,1292.0,1278.35,1290.0,1288.1369863013695,146.0,19.0,188068.0,144.0,98.63,13.65,-2.0,1580256000.0
2020-01-28,1313.9,1314.6,1303.0,1303.0,1309.9668539325842,1780.0,83.0,2331741.0,1629.0,91.52,11.6,-10.9,1580169600.0
2020-01-27,1301.0,1328.0,1301.0,1308.05,1311.0634774609016,1087.0,223.0,1425126.0,996.0,91.63,27.0,7.05,1580083200.0
2020-01-24,1308.1,1320.0,1303.0,1319.9,1305.2181818181818,2090.0,230.0,2727906.0,2024.0,96.84,17.0,11.8,1579824000.0
2020-01-23,1290.0,1333.0,1286.0,1331.85,1324.1351351351352,259.0,29.0,342951.0,197.0,76.06,47.0,41.85,1579737600.0
2020-01-22,1310.45,1316.1,1310.45,1316.1,1314.0,3.0,3.0,3942.0,3.0,100.0,5.65,5.65,1579651200.0
2020-01-21,1322.9,1395.0,1297.0,1305.45,1347.218045112782,266.0,66.0,358360.0,199.0,74.81,98.0,-17.45,1579564800.0
2020-01-20,1370.45,1385.0,1300.9,1350.35,1342.7979274611396,386.0,53.0,518320.0,356.0,92.23,84.1,-20.1,1579478400.0
2020-01-17,1218.0,1377.15,1218.0,1362.7,1333.7525951557093,578.0,128.0,770909.0,369.0,63.84,159.15,144.7,1579219200.0
2020-01-16,1170.6,1214.0,1170.6,1214.0,1210.7711864406779,118.0,20.0,142871.0,110.0,93.22,43.4,43.4,1579132800.0
2020-01-15,1140.7,1184.15,1140.7,1166.4,1140.755562170336,419935.0,102.0,479043187.0,419788.0,99.96,43.45,25.7,1579046400.0
2020-01-14,1142.0,1142.0,1140.45,1141.0,1140.8181818181818,33.0,5.0,37647.0,33.0,100.0,1.55,-1.0,1578960000.0
2020-01-13,1140.0,1140.0,1122.0,1122.0,1135.2631578947369,76.0,20.0,86280.0,75.0,98.68,18.0,-18.0,1578873600.0
2020-01-10,1168.05,1180.0,1140.0,1140.0,1174.4370629370626,572.0,38.0,671778.0,551.0,96.33,40.0,-28.05,1578614400.0
2020-01-09,1133.4,1190.4,1133.4,1184.45,1173.0427350427344,234.0,32.0,274492.0,206.0,88.03,57.0,51.05,1578528000.0
2020-01-08,1111.55,1111.55,1093.5,1093.5,1108.1176470588236,119.0,61.0,131866.0,119.0,100.0,18.05,-18.05,1578441600.0
2020-01-07,1140.0,1140.0,1120.0,1120.3,1127.7679671457906,487.0,70.0,549223.0,427.0,87.68,20.0,-19.7,1578355200.0
2020-01-06,1167.05,1189.25,1130.0,1160.85,1130.1065887608186,50146.0,39.0,56670325.0,50078.0,99.86,59.25,-6.2,1578268800.0
2020-01-03,1141.95,1251.65,1103.7,1178.05,1199.201244813278,482.0,151.0,578015.0,229.0,47.51,147.95,36.1,1578009600.0
2020-01-02,1133.2,1139.35,1132.6,1139.35,1134.7727272727273,22.0,8.0,24965.0,22.0,100.0,6.75,6.15,1577923200.0
2020-01-01,1120.0,1144.2,1120.0,1130.7,1133.3333333333333,6.0,5.0,6800.0,4.0,66.67,24.2,10.7,1577836800.0
2019-12-31,1117.0,1140.6,1100.0,1128.35,1111.6571428571428,455.0,134.0,505804.0,323.0,70.99,40.6,11.35,1577750400.0
2019-12-30,1125.0,1125.0,1073.0,1116.1,1111.231884057971,552.0,133.0,613400.0,529.0,95.83,52.0,-8.9,1577664000.0
2019-12-27,1127.0,1140.0,1070.0,1134.2,1116.192640692641,462.0,98.0,515681.0,224.0,48.48,70.0,7.2,1577404800.0
2019-12-26,1042.3,1136.2,1042.3,1107.3,1100.4129901960782,816.0,92.0,897937.0,743.0,91.05,93.9,65.0,1577318400.0
2019-12-24,1092.0,1093.35,1050.0,1090.4,1079.172757475083,602.0,76.0,649662.0,535.0,88.87,43.35,-1.6,1577145600.0
2019-12-23,1107.0,1107.7,1100.0,1106.95,1103.6228172293363,859.0,168.0,948012.0,857.0,99.77,7.7,-0.05,1577059200.0
2019-12-20,1116.65,1123.45,1110.0,1112.3,1115.8446601941748,103.0,20.0,114932.0,96.0,93.2,13.45,-4.35,1576800000.0
2019-12-19,1124.0,1124.0,1097.05,1104.3,1102.8478964401297,309.0,110.0,340780.0,267.0,86.41,26.95,-19.7,1576713600.0
2019-12-18,1142.15,1142.15,1125.0,1127.8,1130.7037037037035,27.0,8.0,30529.0,17.0,62.96,17.15,-14.35,1576627200.0
2019-12-17,1144.0,1153.0,1123.65,1136.65,1137.1891891891894,37.0,15.0,42076.0,35.0,94.59,29.35,-7.35,1576540800.0
2019-12-16,1120.0,1153.0,1108.95,1140.1,1140.6808510638296,94.0,17.0,107224.0,71.0,75.53,44.05,20.1,1576454400.0
2019-12-13,1177.1,1177.1,1120.0,1130.0,1135.2470588235294,340.0,68.0,385984.0,231.0,67.94,57.1,-47.1,1576195200.0
2019-12-12,1169.9,1210.0,1150.0,1161.4,1170.728650137741,726.0,106.0,849949.0,697.0,96.01,60.0,-8.5,1576108800.0
2019-12-11,1128.5,1133.95,1098.35,1104.05,1107.7702702702702,74.0,15.0,81975.0,45.0,60.81,35.6,-24.45,1576022400.0
2019-12-10,1208.8,1208.8,1119.6,1124.5,1148.438181818182,1100.0,117.0,1263282.0,1038.0,94.36,89.2,-84.3,1575936000.0
2019-12-09,1225.0,1225.0,1176.7,1181.85,1203.9545454545455,154.0,39.0,185409.0,120.0,77.92,48.3,-43.15,1575849600.0
2019-12-06,1299.95,1299.95,1201.25,1221.0,1221.2002617801047,764.0,92.0,932997.0,580.0,75.92,98.7,-78.95,1575590400.0
2019-12-05,1255.0,1261.25,1233.3,1233.3,1254.8397435897434,156.0,42.0,195755.0,126.0,80.77,27.95,-21.7,1575504000.0
2019-12-04,1273.25,1280.0,1240.0,1240.25,1273.2781782120107,381669.0,80.0,485970809.0,381575.0,99.98,40.0,-33.0,1575417600.0
2019-12-02,1325.0,1325.0,1263.3,1285.0,1284.1700680272106,147.0,21.0,188773.0,118.0,80.27,61.7,-40.0,1575244800.0
2019-11-29,1355.0,1355.0,1296.0,1320.4,1341.1666666666665,54.0,7.0,72423.0,47.0,87.04,59.0,-34.6,1574985600.0
2019-11-28,1286.6,1348.0,1286.6,1347.85,1323.4775280898875,178.0,19.0,235579.0,159.0,89.33,61.4,61.25,1574899200.0
2019-11-27,1316.0,1316.0,1285.0,1285.05,1291.156479217604,409.0,55.0,528083.0,376.0,91.93,31.0,-30.95,1574812800.0
2019-11-26,1299.45,1323.0,1297.5,1313.9,1307.1892307692308,650.0,150.0,849673.0,359.0,55.23,25.5,14.45,1574726400.0
2019-11-25,1242.45,1280.0,1242.45,1275.95,1271.811059907834,217.0,27.0,275983.0,100.0,46.08,37.55,33.5,1574640000.0
2019-11-22,1256.1,1269.45,1230.0,1231.0,1244.0538922155688,334.0,110.0,415514.0,306.0,91.62,39.45,-25.1,1574380800.0
2019-11-21,1234.6,1260.0,1227.35,1259.15,1244.9130434782608,23.0,22.0,28633.0,21.0,91.3,32.65,24.55,1574294400.0
2019-11-20,1239.0,1249.0,1234.0,1235.1,1237.4657534246574,219.0,36.0,271005.0,211.0,96.35,15.0,-3.9,1574208000.0
2019-11-19,1225.15,1235.0,1223.05,1223.05,1231.3529411764705,102.0,24.0,125598.0,90.0,88.24,11.95,-2.1,1574121600.0
2019-11-18,1232.0,1232.0,1200.0,1219.85,1209.7051039697542,529.0,121.0,639934.0,314.0,59.36,32.0,-12.15,1574035200.0
2019-11-15,1230.0,1230.05,1212.0,1229.8,1229.8235294117646,204.0,16.0,250884.0,201.0,98.53,18.05,-0.2,1573776000.0
2019-11-14,1259.45,1259.5,1204.35,1226.55,1233.5365853658534,82.0,17.0,101150.0,47.0,57.32,55.15,-32.9,1573689600.0
2019-11-13,1216.0,1235.0,1216.0,1235.0,1218.1111111111113,18.0,15.0,21926.0,17.0,94.44,19.0,19.0,1573603200.0
2019-11-11,1235.35,1272.55,1230.0,1250.0,1255.6536796536795,231.0,56.0,290056.0,177.0,76.62,42.55,14.65,1573430400.0
2019-11-08,1225.0,1275.0,1225.0,1227.0,1249.706106870229,262.0,65.0,327423.0,158.0,60.31,50.0,2.0,1573171200.0
2019-11-07,1284.95,1293.35,1247.0,1253.35,1268.694560669456,239.0,72.0,303218.0,169.0,70.71,46.35,-31.6,1573084800.0
2019-11-06,1309.75,1321.65,1255.0,1290.0,1308.142631164458,294592.0,27.0,385368354.0,294579.0,100.0,66.65,-19.75,1572998400.0
2019-11-05,1296.05,1299.45,1265.1,1271.0,1294.2089552238804,67.0,54.0,86712.0,64.0,95.52,34.35,-25.05,1572912000.0
2019-11-04,1336.05,1341.1,1300.0,1315.75,1331.7660550458709,436.0,110.0,580650.0,425.0,97.48,41.1,-20.3,1572825600.0
2019-11-01,1322.0,1350.0,1300.0,1330.0,1300.5296225560653,101578.0,306.0,132105198.0,100244.0,98.69,50.0,8.0,1572566400.0
2019-10-31,1321.2,1358.0,1321.2,1342.0,1341.6,55.0,13.0,73788.0,34.0,61.82,36.8,20.8,1572480000.0
2019-10-30,1312.1,1314.2,1290.0,1314.15,1299.031141868512,289.0,64.0,375420.0,226.0,78.2,24.2,2.05,1572393600.0
2019-10-29,1305.2,1318.0,1267.2,1300.8,1289.159574468085,94.0,20.0,121181.0,92.0,97.87,50.8,-4.4,1572307200.0
2019-10-27,1299.45,1331.0,1297.7,1305.2,1314.2462686567164,134.0,26.0,176109.0,115.0,85.82,33.3,5.75,1572134400.0
2019-10-25,1230.05,1300.0,1230.0,1269.4,1265.375043448036,2877.0,413.0,3640484.0,2215.0,76.99,70.0,39.35,1571961600.0
2019-10-24,1220.0,1220.0,1191.05,1191.05,1214.7857142857142,42.0,21.0,51021.0,40.0,95.24,28.95,-28.95,1571875200.0
2019-10-23,1194.5,1230.0,1173.0,1215.0,1214.904761904762,1848.0,257.0,2245144.0,1416.0,76.62,57.0,20.5,1571788800.0
2019-10-22,1210.0,1210.0,1172.95,1180.4,1180.8904109589039,73.0,23.0,86205.0,42.0,57.53,37.05,-29.6,1571702400.0
2019-10-18,1153.0,1220.0,1153.0,1194.6,1192.976501305483,383.0,47.0,456910.0,321.0,83.81,67.0,41.6,1571356800.0
2019-10-17,1150.05,1201.0,1139.9,1186.6,1179.7506203473945,806.0,79.0,950879.0,465.0,57.69,61.1,36.55,1571270400.0
2019-10-16,1140.05,1180.0,1129.35,1161.05,1162.639846743295,522.0,100.0,606898.0,326.0,62.45,50.65,21.0,1571184000.0
2019-10-15,1100.0,1300.0,1090.9,1137.05,1159.0935101186321,1433.0,161.0,1660981.0,697.0,48.64,209.1,37.05,1571097600.0
2019-10-14,1121.0,1160.0,1077.0,1102.45,1130.94375,5920.0,78.0,6695187.0,5506.0,93.01,83.0,-18.55,1571011200.0
2019-10-11,1180.0,1194.95,1150.0,1153.2,1166.601156069364,173.0,26.0,201822.0,123.0,71.1,44.95,-26.8,1570752000.0
2019-10-10,1205.0,1235.0,1175.0,1180.8,1200.5758157389635,521.0,88.0,625500.0,347.0,66.6,60.0,-24.2,1570665600.0
2019-10-09,1272.5,1272.5,1222.3,1226.0,1260.8783958602844,773.0,70.0,974659.0,667.0,86.29,50.2,-46.5,1570579200.0
2019-10-07,1300.0,1300.0,1210.0,1281.6,1271.3806706114399,507.0,70.0,644590.0,335.0,66.07,90.0,-18.4,1570406400.0
2019-10-04,1279.95,1283.0,1256.0,1281.65,1278.8862559241707,211.0,37.0,269845.0,196.0,92.89,27.0,1.7,1570147200.0
2019-10-03,1250.0,1308.8,1234.05,1281.45,1277.4493062966915,937.0,61.0,1196970.0,937.0,100.0,74.75,31.45,1570060800.0
2019-10-01,1230.0,1298.0,1175.1,1289.4,1207.4298804780874,2510.0,79.0,3030649.0,2510.0,100.0,122.9,59.4,1569888000.0
2019-09-30,1285.0,1349.0,1236.9,1236.9,1265.5380952380951,420.0,71.0,531526.0,420.0,100.0,112.1,-48.1,1569801600.0
2019-09-27,1330.0,1350.0,1274.25,1302.0,1298.8181818181818,913.0,64.0,1185821.0,913.0,100.0,75.75,-28.0,1569542400.0
2019-09-26,1340.0,1472.0,1332.6,1336.05,1399.4949284478696,25436.0,90.0,35597553.0,25436.0,100.0,139.4,-3.95,1569456000.0
2019-09-25,1531.0,1531.5,1385.7,1402.65,1405.8821717366193,2597.0,142.0,3651076.0,2597.0,100.0,145.8,-128.35,1569369600.0
2019-09-24,1458.6,1458.6,1458.6,1458.6,1458.5999985738595,420716.0,94.0,613656357.0,420716.0,100.0,0.0,0.0,1569283200.0
2019-09-23,1389.15,1389.15,1389.15,1389.15,1389.1489001692048,591.0,15.0,820987.0,591.0,100.0,0.0,0.0,1569196800.0
2019-09-20,1323.0,1323.0,1323.0,1323.0,1323.0,1387.0,35.0,1835001.0,1387.0,100.0,0.0,0.0,1568937600.0
2019-09-19,1200.0,1260.0,1200.0,1260.0,1246.3630923531275,154743.0,79.0,192865964.0,154743.0,100.0,60.0,60.0,1568851200.0
