,date,close,actual lb,predicted lb,actual ub,predicted ub,actual ub close diff,predicted ub close diff,actual lb close diff,predicted lb close diff,predicted lb ub diff,predicted lb %,predicted ub %,invest,exit
0,2019-09-17,1844.05,1.0,0.9481408530021004,1.0564247173341286,1.0270948681277123,104.04999999999971,49.96429157090802,0.0,95.6308600214768,-45.666568450568775,0.0518591469978996,0.0270948681277123,False,False
1,2019-09-18,1891.9,0.9863893440456684,0.9533073152918036,1.0358105608118822,1.0297755385647096,67.74999999999977,56.33234141057415,25.75,88.33789019943697,-32.005548788862825,0.0466926847081965,0.0297755385647096,False,False
2,2019-09-19,1866.15,1.0,0.9358463571429088,1.0501031535514294,1.0403404731782169,93.5,75.28137402152902,0.0,119.72032061776054,-44.43894659623152,0.0641536428570911,0.0403404731782166,False,False
3,2019-09-20,1947.4,0.975043647940844,0.9441538758675924,1.0062904385334293,1.0363310736266822,12.250000000000227,70.75113278060098,48.60000000000037,108.75474213545044,-38.00360935484946,0.0558461241324075,0.0363310736266822,False,False
4,2019-09-23,1925.45,0.9861590796956556,0.9490607856721374,1.0252927886987455,1.0466717220582091,48.69999999999959,89.86406723697883,26.649999999999864,98.08091022758322,-8.216842990604391,0.0509392143278626,0.0466717220582091,False,False
5,2019-09-24,1935.05,0.9812666339371076,0.944811867739648,1.02020619622232,1.019231552959512,39.100000000000136,37.2140165543035,36.25,106.79179533039404,-69.57777877609055,0.0551881322603519,0.0192315529595119,False,False
6,2019-09-25,1908.75,0.9947871643745908,0.9465899679807088,1.0342632612966602,1.020913388610375,65.40000000000032,39.91843051005321,9.949999999999818,101.94639861682232,-62.02796810676909,0.0534100320192912,0.0209133886103749,False,False
7,2019-09-26,1912.9,0.9926289926289924,0.9289119070567168,1.032019446913064,1.056909203878858,61.25,108.86161609986766,14.100000000000364,135.98441299120668,-27.12279689133902,0.0710880929432833,0.0569092038788581,False,False
8,2019-09-27,1931.65,0.9829938135790643,0.941069562012932,1.0220019154608757,1.0449060792680374,42.500000000000455,86.74282801810432,32.850000000000364,113.83298053771978,-27.090152519615454,0.0589304379870678,0.0449060792680373,False,False
9,2019-09-30,1903.85,0.9973474801061007,0.9489206492253124,1.0376605299787274,1.042358713792713,71.70000000000005,80.64463725425685,5.050000000000182,97.24742197238902,-16.60278471813217,0.0510793507746876,0.042358713792713,False,False
10,2019-10-01,1948.1,0.9746932908988244,0.9429652129756648,1.0214311380319283,1.0126184881074105,41.749999999999545,24.58207668204591,49.30000000000018,111.10946860210744,-86.52739192006152,0.0570347870243351,0.0126184881074102,False,False
11,2019-10-03,1898.8,1.0,0.9302054824978264,1.0540604592374132,1.0399306534191164,102.65000000000008,75.82032471221828,0.0,132.5258298331271,-56.70550512090881,0.0697945175021735,0.0399306534191163,False,False
12,2019-10-04,1933.1,0.9884641249806012,0.9432850594086528,1.035357715586364,1.0168470009862245,68.35000000000036,32.56693760647022,22.299999999999727,109.63565165713317,-77.06871405066295,0.0567149405913471,0.0168470009862242,False,False
13,2019-10-07,1936.5,0.9867286341337465,0.9095391499176634,1.060521559514588,1.0362603027145152,117.19999999999982,70.21807620665868,25.700000000000045,175.1774361844448,-104.95935997778612,0.0904608500823366,0.0362603027145151,False,False
14,2019-10-09,1932.1,0.9889757258941048,0.912150268131004,1.062936700998913,1.042785097011912,121.59999999999992,82.66508593671506,21.300000000000185,169.73446694408744,-87.06938100737239,0.0878497318689961,0.0427850970119119,False,False
15,2019-10-10,1941.6,0.984136794396374,0.9185852218113716,1.0577358879274823,1.0167622505038032,112.09999999999944,32.54558557818427,30.800000000000185,158.0749333310407,-125.52934775285644,0.0814147781886283,0.0167622505038032,False,False
16,2019-10-11,1947.55,0.9811301378655234,0.8997504698785642,1.0545043772945497,1.0498060019068791,106.15000000000032,96.99967901374292,36.75,195.24097238800232,-98.2412933742594,0.1002495301214357,0.0498060019068793,False,False
17,2019-10-16,1910.8,1.0,0.9033298090638072,1.0810655222943268,1.0451671216626173,154.89999999999986,86.3053360729291,0.0,184.71740084087696,-98.41206476794788,0.0966701909361926,0.0451671216626172,False,False
18,2019-10-17,1915.5,1.0,0.9128911872070682,1.078412947011224,1.0413324769676826,150.19999999999982,79.17235963159601,0.0,166.85693090486097,-87.68457127326496,0.0871088127929318,0.0413324769676826,False,False
19,2019-10-18,1959.65,0.9990304391090246,0.9245558286507316,1.054116806572602,1.0200747780403792,106.04999999999971,39.33953878682905,1.900000000000091,147.84417038459378,-108.50463159776471,0.0754441713492684,0.0200747780403791,False,False
20,2019-10-22,1974.15,0.991692627206646,0.9150406133181768,1.0706633234556644,1.0246541902313089,139.5,48.671069645138,16.399999999999864,167.7225732179213,-119.0515035727833,0.0849593866818232,0.0246541902313086,False,False
21,2019-10-23,1962.6,0.9975287883419952,0.9168606415625888,1.0769642311219811,1.0271446088482774,151.05000000000018,53.27400932562932,4.850000000000136,163.1693048692632,-109.89529554363388,0.0831393584374111,0.0271446088482774,False,False
22,2019-10-24,1968.25,0.9946653118252254,0.906575188653226,1.0738727295821162,1.0438595641916566,145.4000000000001,86.32658722022825,10.5,183.88338493328772,-97.5567977130595,0.0934248113467739,0.0438595641916566,False,False
23,2019-10-25,1957.75,1.0,0.9146848533990808,1.0796322308772826,1.05062378430743,155.9000000000001,99.10871372787096,0.0,167.02572825794982,-67.91701453007886,0.0853151466009193,0.0506237843074299,False,False
24,2019-10-30,1975.55,0.9943053833109768,0.9091444954005108,1.0699045835336995,1.0414363337658166,138.10000000000014,81.85954917105914,11.249999999999773,179.48959211152123,-97.63004294046208,0.0908555045994893,0.0414363337658165,False,False
25,2019-10-31,1989.85,0.9871598361685554,0.9196037980172695,1.062215744905395,1.0228548522786172,123.80000000000018,45.477727806606254,25.549999999999955,159.97638251533613,-114.49865470872987,0.0803962019827304,0.0228548522786171,False,False
26,2019-11-01,2001.45,0.981438457118589,0.9103965512101756,1.0560593569661996,1.038692938379337,112.20000000000005,77.44198151932437,37.15000000000009,179.3368225803938,-101.89484106106944,0.0896034487898242,0.038692938379337,False,False
27,2019-11-04,2015.1,0.974790332985956,0.928219162027945,1.04890576150067,1.0396691241506648,98.55000000000018,79.93725207600482,50.80000000000018,144.64556659748814,-64.70831452148332,0.071780837972055,0.0396691241506648,False,False
28,2019-11-05,2045.8,0.9601622837031968,0.9267271136490628,1.0331655098250074,1.0330543351169692,67.85000000000014,67.62255878229576,81.5,149.90167089674765,-82.27911211445189,0.0732728863509373,0.0330543351169692,False,False
29,2019-11-06,2053.7,0.9564688123873984,0.933931179541559,1.029191215854312,1.0150333167888077,59.95000000000027,30.87392268917438,89.39999999999986,135.68553657550024,-104.81161388632586,0.0660688204584409,0.0150333167888077,False,False
30,2019-11-07,2006.5,0.978968352853227,0.9136283900238938,1.053401445302766,1.060980535047627,107.15000000000008,122.35744357306294,42.200000000000045,173.30463541705694,-50.947191843994005,0.0863716099761061,0.0609805350476266,False,False
31,2019-11-08,2034.75,0.965376581889667,0.931137326105189,1.0387762624401031,1.0443162097156162,78.89999999999964,90.17240771885008,70.45000000000005,140.11832570746674,-49.94591798861666,0.068862673894811,0.0443162097156162,False,False
32,2019-11-14,2025.7,0.9870908821641902,0.948253655700098,1.0434170903885076,1.0330911905269922,87.95000000000005,67.03282465052803,26.15000000000009,104.8225696483114,-37.78974499778337,0.0517463442999019,0.0330911905269921,False,False
33,2019-11-15,2055.35,0.9728513391879728,0.9596562638065184,1.0283649986620285,1.0491996664950092,58.30000000000018,101.122534530517,55.79999999999996,82.92049818527244,18.20203634524455,0.0403437361934816,0.0491996664950091,False,False
34,2019-11-18,2099.55,0.952370746112262,0.9359038894790596,1.006715724798171,1.0234079785067909,14.099999999999907,49.14622127393295,100.00000000000024,134.57298884424017,-85.42676757030722,0.0640961105209403,0.0234079785067908,False,False
35,2019-11-19,2113.65,0.9460175525749296,0.925964520011083,1.0,1.0384755071951624,0.0,81.32375578305482,114.10000000000014,156.48509227857448,-75.16133649551966,0.074035479988917,0.0384755071951623,False,False
36,2019-11-20,2091.45,0.9560591933825816,0.9374773560507031,1.0016495732625692,1.034019995640071,3.450000000000273,71.15111988142644,91.89999999999964,130.76298368775656,-59.61186380633012,0.0625226439492967,0.034019995640071,False,False
37,2019-11-21,2094.9,0.954484700940379,0.9394714116526836,1.0,1.007541798385766,0.0,15.79931343834096,95.35000000000014,126.80133972879298,-111.00202629045202,0.0605285883473163,0.0075417983857659,False,True
38,2019-11-22,2078.85,0.9618539096134884,0.94078176173483,1.007239579575246,1.0282374620232124,15.050000000000182,58.7014479269551,79.29999999999973,123.10583461754844,-64.40438669059336,0.0592182382651699,0.0282374620232124,False,False
39,2019-11-25,2054.6,0.9707242285603038,0.9294689939815846,1.019127810766086,1.0366073785668175,39.30000000000018,75.21352000338311,60.14999999999986,144.91300496543636,-69.69948496205325,0.0705310060184154,0.0366073785668175,False,False
40,2019-11-26,2069.5,0.9637352017395506,0.9411682789323712,1.0117902875090603,1.049279979938368,24.40000000000009,101.98491848245249,75.04999999999995,121.75224674945798,-19.767328267005496,0.0588317210676289,0.0492799799383678,False,False
41,2019-11-27,1999.55,0.9974494261208772,0.9487292414567716,1.047185616763772,1.0400376982193011,94.3500000000006,80.05737947440343,5.100000000000136,102.51844524511262,-22.461065770709183,0.0512707585432284,0.0400376982193011,False,False
42,2019-12-02,2033.75,0.978242163491088,0.9566568760073032,1.029575906576521,1.012313996746791,60.14999999999964,25.043590883785782,44.25,88.14907842014713,-63.10548753636135,0.0433431239926968,0.0123139967467909,False,False
43,2019-12-03,2043.25,0.9736938700599536,0.929889910444106,1.024788939190016,1.0475848100099727,50.65000000000009,97.22766305287678,53.75,143.25244048508034,-46.02477743220357,0.0701100895558939,0.0475848100099727,False,False
44,2019-12-04,2061.5,0.9650739752607324,0.9437113813434757,1.0170749454280863,1.01743553405607,35.19999999999982,35.94335345658874,72.00000000000023,116.03898736042493,-80.09563390383619,0.0562886186565243,0.0174355340560701,False,False
45,2019-12-05,2093.9,0.9501408854291036,0.9405854745098317,1.0013372176321695,1.013260119765856,2.799999999999727,27.76536477772561,104.40000000000008,124.40807492386352,-96.64271014613792,0.0594145254901683,0.0132601197658559,False,False
46,2019-12-06,2086.35,0.9535792172933591,0.9403467611706202,1.0049608167373645,1.0238227038995076,10.350000000000364,49.70249828073747,96.85000000000014,124.4575348316764,-74.75503655093894,0.0596532388293797,0.0238227038995075,False,False
47,2019-12-09,2087.6,0.9530082391262694,0.9269556784257962,1.0175799961678484,1.0418722893475627,36.70000000000027,87.41259124197177,98.09999999999992,152.48732571830783,-65.07473447633606,0.0730443215742038,0.0418722893475627,False,False
48,2019-12-10,2085.75,0.9538535299053098,0.9378832136651593,1.0312837108953614,1.0360065735468027,65.25,75.1007107752439,96.25,129.5600870978942,-54.45937632265032,0.0621167863348408,0.0360065735468027,False,False
49,2019-12-11,2090.0,0.9519138755980862,0.9397543789209062,1.0856937799043065,1.0080615689570966,179.10000000000036,16.84867912033178,100.5,125.91334805530596,-109.06466893497418,0.0602456210790938,0.0080615689570966,False,True
50,2019-12-12,2083.3,0.9549752796044736,0.9446946413581524,1.0891854269668313,1.0057502717510176,185.79999999999973,11.979541138895,93.80000000000018,115.21765365856118,-103.23811251966616,0.0553053586418476,0.0057502717510176,False,True
51,2019-12-13,2072.95,0.9597433609107794,0.9297767816383344,1.094623604042548,1.0379237233056364,196.1500000000001,78.61398222641901,83.44999999999982,145.56922050281446,-66.95523827639545,0.0702232183616654,0.0379237233056364,False,False
52,2019-12-16,2083.1,0.95506696750036,0.9537348405526872,1.13743939321204,1.0110307834866883,286.3000000000002,22.97822508112085,93.60000000000014,96.37495364469714,-73.39672856357629,0.0462651594473126,0.0110307834866885,False,False
53,2019-12-17,2066.8,0.962599187149216,0.9280593015767103,1.1464099090381266,1.0470518573901026,302.5999999999999,97.24677885386428,77.30000000000041,148.68703550125474,-51.44025664739047,0.0719406984232895,0.0470518573901026,False,False
54,2019-12-18,2090.9,0.9515041369745084,0.94024407387553,1.1331962312879622,1.0135800767977077,278.5,28.394582576326684,101.40000000000032,124.94366593365407,-96.5490833573274,0.0597559261244698,0.0135800767977074,False,False
55,2019-12-19,2049.75,0.9706061714843274,0.9263391594447592,1.155945847054519,1.0368761683775052,319.6500000000001,75.58692613179119,60.25,150.9863079281049,-75.39938179631372,0.0736608405552408,0.0368761683775051,False,False
56,2019-12-20,2037.15,0.9766094789288956,0.9439639448262588,1.163095501067668,1.0406108076089196,332.25,82.73030672051027,47.65000000000032,114.15384979718716,-31.42354307667688,0.0560360551737413,0.0406108076089195,False,False
57,2019-12-23,2003.2,0.9931609424920128,0.9493044064553144,1.1828075079872205,1.053300799753569,366.2000000000001,106.77216206634944,13.700000000000044,101.55341298871416,5.218749077635266,0.0506955935446855,0.053300799753569,False,False
58,2019-12-24,1994.45,0.997518112762917,0.9528714370794018,1.1879966908170172,1.0488641680376647,374.9500000000001,97.45713994272025,4.9500000000000455,93.99556231698716,3.461577625733071,0.0471285629205981,0.0488641680376646,False,False
59,2019-12-26,2038.7,0.975866974052092,0.9462523880524129,1.16221121302791,1.0198984324227225,330.7000000000005,40.566934180203816,49.200000000000045,109.5752564775462,-69.00832229734237,0.0537476119475872,0.0198984324227222,False,False
60,2019-12-27,2018.45,0.9856573113032278,0.9332963615993384,1.1738710396591443,1.0346611115756734,350.95000000000005,69.961720659918,28.950000000000045,134.63795892981557,-64.67623826989757,0.0667036384006616,0.0346611115756734,False,False
61,2019-12-30,1989.5,1.0,0.9571202375542528,1.1909525006282986,1.017190133467354,379.9000000000001,34.199770533301034,0.0,85.30928738581429,-51.10951685251325,0.0428797624457473,0.017190133467354,False,False
62,2019-12-31,2013.55,1.0,0.9459109334478092,1.1767276700355096,1.032209791035979,355.85000000000014,64.85602474049597,0.0,108.91103995616368,-44.05501521566771,0.0540890665521907,0.0322097910359793,False,False
63,2020-01-03,2096.7,0.9954213764487052,0.9393366210085958,1.141937330090142,1.0459287835994469,297.6000000000008,96.29888057296012,9.599999999999907,127.19290673127716,-30.894026158317047,0.0606633789914041,0.0459287835994468,False,False
64,2020-01-06,2087.1,1.0,0.9388453947940264,1.1471898806957024,1.0101438939559684,307.2000000000003,21.17132107550151,0.0,127.6357765253872,-106.46445544988568,0.0611546052059734,0.0101438939559683,False,False
65,2020-01-07,2117.4,1.0,0.9347206355177776,1.132639085671106,1.014119855829735,280.8499999999999,29.89738273388093,0.0,138.22252635465793,-108.325143620777,0.0652793644822224,0.014119855829735,False,False
66,2020-01-08,2124.3,1.0,0.9314056835313584,1.1794238101962995,1.03108086679298,381.1499999999992,66.02508532832735,0.0,145.7149064743353,-79.68982114600794,0.0685943164686415,0.03108086679298,False,False
67,2020-01-09,2151.0,1.0,0.9487516339695742,1.164783821478382,1.006231858163789,354.4499999999998,13.404726910310274,0.0,110.23523533144588,-96.83050842113562,0.0512483660304258,0.006231858163789,False,True
68,2020-01-10,2269.1,1.0,0.9520047732355518,1.1041602397426291,1.003212521824152,236.3499999999999,7.289533271183245,0.0,108.90596905120948,-101.61643578002622,0.0479952267644482,0.0032125218241518,False,True
69,2020-01-13,2338.4,0.982616318850496,0.9421894425867776,1.1313291139240509,1.019961830353187,307.1000000000008,46.67874409789238,40.65000000000009,135.18420745507956,-88.50546335718718,0.0578105574132224,0.0199618303531869,False,False
70,2020-01-14,2325.3,0.9881520664000344,0.9478643327972888,1.137702662022105,0.9984509894952862,320.2000000000007,3.601914126611064,27.550000000000185,121.23106694646413,-117.62915281985306,0.0521356672027111,-0.0015490105047137,False,True
71,2020-01-15,2369.4,0.9697602768633408,0.9514645133506772,1.118173377226302,1.0034517341465397,280.0,8.178538886811111,71.65000000000055,114.99998206690545,-106.82144318009432,0.0485354866493228,0.0034517341465396,False,True
72,2020-01-16,2359.95,0.9736435093963856,0.9340124989511456,1.1226509036208396,1.0233570396641438,289.4500000000003,55.12144575539605,62.19999999999982,155.7272031002435,-100.60575734484746,0.0659875010488543,0.0233570396641438,False,False
73,2020-01-17,2336.95,0.9832259997004644,0.9480947747757164,1.1336999079997434,1.020324935459021,312.4500000000003,47.49835792095882,39.19999999999982,121.29991608788988,-73.80155816693104,0.0519052252242836,0.0203249354590209,False,False
74,2020-01-22,2361.85,0.9728602578487204,0.944774718221334,1.1252831466858606,0.9889739786099656,295.89999999999964,26.041808620052507,64.09999999999945,130.43383176894258,-104.39202314889008,0.055225281778666,-0.0110260213900342,False,False
75,2020-01-23,2329.5,0.9863704657651856,0.9475164776872124,1.1409100665378835,1.0084037302713045,328.24999999999955,19.576489667003894,31.75,122.26036522763889,-102.683875560635,0.0524835223127877,0.0084037302713044,False,True
76,2020-01-24,2351.55,0.9771214730709532,0.9470271923149192,1.130211987837809,1.002434192518129,306.1999999999998,5.724125416006245,53.80000000000018,124.56820591185168,-118.84408049584545,0.0529728076850808,0.002434192518129,False,True
77,2020-01-27,2362.65,0.9725308446024592,0.950172330829414,1.1249021226165534,1.0030832268520984,295.0999999999999,7.284585922110182,64.89999999999964,117.72534256588553,-110.44075664377532,0.0498276691705861,0.0030832268520983,False,True
78,2020-01-28,2323.7,0.9888324654645608,0.9475807876838882,1.1437578000602489,1.009306462063095,334.0500000000002,21.62542589601389,25.949999999999815,121.80652365894912,-100.18109776293522,0.0524192123161117,0.0093064620630949,False,True
79,2020-01-29,2298.3,0.9997606926858982,0.9470811226998532,1.1563982073706651,1.0019893848149275,359.4499999999998,4.572203120148515,0.5500000000001819,121.6234556989275,-117.051252578779,0.0529188773001468,0.0019893848149277,False,True
80,2020-01-30,2297.75,1.0,0.9411474271925382,1.156675008160157,1.0227901419490515,360.00000000000045,52.3660486634335,0.0,135.22849916834548,-82.86245050491198,0.0588525728074618,0.0227901419490517,False,False
81,2020-01-31,2394.3,0.9790961867769284,0.9596830206282152,1.1100321597126508,1.0212184161863151,263.4499999999998,50.80325387489438,50.05000000000018,96.53094370986446,-45.72768983497008,0.0403169793717849,0.0212184161863151,False,False
82,2020-02-04,2361.45,1.0,0.9501707370401308,1.125473755531559,1.001489366508175,296.3000000000002,3.5170645407297343,0.0,117.66931301658268,-114.15224847585296,0.0498292629598691,0.0014893665081749,False,True
83,2020-02-05,2386.15,1.0,0.9513463539977136,1.113823523248748,0.997187667633372,271.5999999999999,6.710646876629653,0.0,116.09489740835534,-109.38425053172568,0.0486536460022862,-0.0028123323666281,False,False
84,2020-02-06,2398.25,1.0,0.9466358150831014,1.108203898676118,1.015346399865346,259.5,36.80450347706619,0.0,127.9806564769524,-91.1761529998862,0.0533641849168986,0.015346399865346,False,False
85,2020-02-07,2505.45,1.0,0.9616913970998996,1.0607874832864357,1.006479165460547,152.30000000000018,16.233225103127552,0.0,95.98028913605684,-79.7470640329293,0.0383086029001005,0.0064791654605469,False,False
86,2020-02-10,2594.25,0.9840801773152162,0.9589354168869432,1.024477209212682,0.9838065506500292,63.5,42.009855976161816,41.30000000000018,106.53179474104807,-64.52193876488627,0.0410645831130569,-0.0161934493499709,False,False
87,2020-02-11,2633.2,0.9046407413033573,0.9549011660154074,1.0093232568737658,0.970929917029388,24.550000000000185,76.54734247821534,251.09999999999943,118.75424964822923,-42.20690717001389,0.0450988339845925,-0.0290700829706119,False,False
88,2020-02-12,2645.5,0.9004347004347004,0.9357857151484896,1.0046305046305046,1.0082452017145709,12.25,21.81268113589749,263.4000000000001,169.878890574671,-148.0662094387735,0.0642142848515104,0.0082452017145708,False,True
89,2020-02-13,2616.35,0.9104668717870316,0.9502216007899073,1.0158235710054084,0.9784489894662352,41.40000000000055,56.384986410015244,234.25,130.2377147733264,-73.85272836331114,0.0497783992100928,-0.0215510105337647,False,False
90,2020-02-14,2649.4,0.8991092322790065,0.9448079929196996,1.0031516569789385,0.9978115750641672,8.349999999999454,5.798013024995271,267.3000000000002,146.22570355854805,-140.42769053355278,0.0551920070803004,-0.0021884249358328,False,True
91,2020-02-19,2621.25,0.8408011444921315,0.96449218839831,1.0139246542680018,1.0013250635369055,36.5,3.4733227961137345,417.3000000000002,93.0748511609304,-89.60152836481666,0.0355078116016901,0.0013250635369055,False,False
92,2020-02-20,2657.75,0.8292540682908475,0.9477184655050462,1.0,0.9810185615470016,0.0,50.44791804845681,453.8000000000002,138.95124830396344,-88.50333025550663,0.0522815344949537,-0.0189814384529984,False,False
93,2020-02-24,2600.35,0.8475589824446709,0.9510222023186552,1.017978349068395,0.97853983090462,46.75000000000091,55.80395070717168,396.4000000000001,127.3594162006848,-71.55546549351311,0.0489777976813448,-0.02146016909538,False,False
94,2020-02-25,2647.1,0.8325903819273922,0.9587665011178436,1.0,0.9795324486148892,0.0,54.17965527152637,443.1500000000001,109.1491948909561,-54.969539619429725,0.0412334988821563,-0.0204675513851106,False,False
95,2020-02-26,2633.5,0.8368900702487184,0.9359593702413348,1.0041389785456618,1.0075855853514193,10.900000000000546,19.9766390229629,429.5500000000002,168.6509984694444,-148.6743594464815,0.064040629758665,0.0075855853514192,False,True
96,2020-02-27,2644.4,0.8334404779912267,0.9473351725636798,1.0,1.0043406159622994,0.0,11.478324850704666,440.4500000000003,139.26686967260505,-127.78854482190036,0.0526648274363201,0.0043406159622993,False,True
97,2020-02-28,2627.9,0.8386734655047756,0.947461625936921,1.005784086152441,0.9719843782334878,15.199999999999818,73.62225244021738,423.9500000000003,138.06559320036558,-64.4433407601482,0.052538374063079,-0.0280156217665121,False,False
98,2020-03-02,2593.35,0.8498467233501069,0.9402680508812724,1.0191836813388089,1.0044693322906488,49.75,11.59054289595406,389.4000000000001,154.9058502470525,-143.31530735109845,0.0597319491187277,0.0044693322906488,False,True
99,2020-03-03,2643.1,0.8338504029359464,0.9620742227938656,1.0,0.9754304030250328,0.0,64.93990176453599,439.1500000000001,100.24162173353444,-35.30171996899844,0.0379257772061345,-0.0245695969749673,False,False
100,2020-03-04,2552.95,0.8632954033569008,0.9481197638304194,1.0336669343308722,1.0044034355107834,85.95000000000027,11.241750687254353,349.0,132.447648929131,-121.20589824187664,0.0518802361695805,0.0044034355107833,False,True
101,2020-03-05,2618.65,0.841635957458996,0.950517551452581,1.0077329921906326,1.0136829255194837,20.25,35.83079291159538,414.7000000000003,129.57721388869868,-93.7464209771033,0.049482448547419,0.0136829255194834,False,False
102,2020-03-06,2638.9,0.8351775360945848,0.9572455762048976,1.0,0.995110657705422,0.0,12.902485381161569,434.9500000000003,112.8246489528956,-99.92216357173402,0.0427544237951024,-0.0048893422945779,False,False
103,2020-03-09,2585.05,0.8525753853890639,0.9564381328786086,1.0364983269182413,1.0104680345871562,94.34999999999944,27.06039280952791,381.1000000000004,112.609604602153,-85.5492117926251,0.0435618671213914,0.0104680345871561,False,False
104,2020-03-11,2588.75,0.8513568324480927,0.982420955338313,1.0443264123611782,1.0021455554097465,114.75,5.554306566980813,384.8000000000002,45.50775186794226,-39.95344530096145,0.017579044661687,0.0021455554097462,False,False
105,2020-03-12,2382.1,0.925213047311196,0.9909359496943132,1.1349229671298435,1.01484359744575,321.4000000000001,35.35893347552155,178.1500000000001,21.591474233176086,13.767459242345469,0.0090640503056866,0.0148435974457501,False,False
106,2020-03-13,2422.4,0.9098208388375164,0.9538935893586066,1.1160419418758256,1.0142068165731195,281.0999999999999,34.41459246672457,218.45000000000027,111.6881691377116,-77.27357667098704,0.0461064106413934,0.0142068165731195,False,False
107,2020-03-16,2421.55,0.910140199459024,0.9696737071414748,1.11643368916603,1.0025510801913011,281.9499999999998,6.1775682372458505,217.6000000000004,73.43663447156132,-67.25906623431547,0.030326292858525,0.0025510801913013,False,False
108,2020-03-17,2324.35,0.9482005722029816,0.9706534969138142,1.1856002753457957,1.0211764242306425,431.4000000000001,49.22142166049389,120.39999999999964,68.21154444837612,-18.99012278788223,0.0293465030861858,0.0211764242306424,False,False
109,2020-03-18,2293.5,0.9609548724656638,0.9847924058209692,1.2015478526269894,1.0265951779610862,462.25,60.99604065375115,89.55000000000018,34.87861724960703,26.11742340414412,0.0152075941790308,0.0265951779610862,False,False
110,2020-03-19,2203.95,1.0,0.9753576893333094,1.2503686562762315,1.0312584194855718,551.8000000000002,68.89199362522595,0.0,54.310420593853,14.581573031372956,0.0246423106666906,0.0312584194855718,False,False
111,2020-03-20,2351.35,0.94513789950454,0.9691838192073364,1.171986305739256,1.0018413737337752,404.3999999999997,4.329714128912201,129.0,72.45962670682957,-68.12991257791737,0.0308161807926635,0.0018413737337752,False,False
112,2020-03-23,2264.0,0.9816033568904592,0.9576712795477504,1.2172040636042405,0.9735247985481732,491.75000000000045,59.93985608693583,41.65000000000055,95.83222310389284,-35.892367016957,0.0423287204522495,-0.0264752014518268,False,False
113,2020-03-24,2222.35,1.0,0.9800322959515968,1.2400161990685536,1.0055177177605463,533.4000000000001,12.262300065150612,0.0,44.37522709196901,-32.1129270268184,0.0199677040484033,0.0055177177605465,False,False
114,2020-03-25,2280.6,0.99524248004911,0.9680847560223576,1.20834429536087,1.0113681881258088,475.1500000000001,25.92628983971963,10.849999999999907,72.78590541541098,-46.85961557569135,0.0319152439776423,0.0113681881258087,False,False
115,2020-03-26,2309.1,0.982958728508943,0.9682505636550124,1.19343034082543,1.0138522130875112,446.65000000000055,31.986145240372025,39.34999999999991,73.31262346421045,-41.32647822383842,0.0317494363449875,0.0138522130875111,False,False
116,2020-03-27,2355.1,0.9637595006581462,0.974550153153166,1.170120164748843,0.9972260592128734,400.6500000000001,6.532907947761942,85.34999999999991,59.936934308978834,-53.40402636121689,0.025449846846834,-0.0027739407871265,False,False
117,2020-03-30,2328.75,0.9746645195920558,0.9580812851905196,1.1924852388620504,1.0186061257425791,448.25,43.329015323030944,59.0,97.61820711257724,-54.28919178954629,0.0419187148094802,0.0186061257425791,False,False
118,2020-03-31,2328.85,0.9746226678403505,0.9673468114350712,1.192434033965262,1.0258158477330026,448.1500000000001,60.121236993003095,59.09999999999991,76.04437818943461,-15.923141196431516,0.0326531885649289,0.0258158477330026,False,False
119,2020-04-01,2274.75,0.9978019562589296,0.9741743221702256,1.2207934937905265,1.0292964136979603,502.25,66.6420170594356,5.0,58.74696064327964,7.895056416155967,0.0258256778297745,0.0292964136979605,False,False
120,2020-04-03,2269.75,1.0,0.9774385548855532,1.2234827624187683,0.9985923088078948,507.2499999999996,3.195107083281073,0.0,51.20884004851587,-48.0137329652348,0.0225614451144469,-0.0014076911921052,False,False
121,2020-04-07,2321.95,1.0,0.9815743810982672,1.1959775188957558,1.0006546896978383,455.0500000000002,1.5201567438957682,0.0,42.78336580887844,-41.26320906498268,0.0184256189017327,0.0006546896978383,False,False
122,2020-04-08,2679.4,0.940583712771516,0.9454706865234184,1.0364260655370603,1.0189825282299996,97.59999999999944,50.86178613946095,159.20000000000027,146.10584252915305,-95.2440563896921,0.0545293134765817,0.0189825282299995,False,False
123,2020-04-09,2703.5,0.932199001294618,0.9614849858948976,1.027186979840947,0.9781149112851398,73.5,59.16633734062452,183.30000000000015,104.12534063314432,-44.95900329251981,0.0385150141051023,-0.0218850887148601,False,False
124,2020-04-13,2689.65,0.925287676835276,0.9370972782715928,1.0324763445057907,0.9741932541366486,87.34999999999991,69.41111401136322,200.94999999999985,169.1863054968103,-99.77519148544708,0.0629027217284071,-0.0258067458633514,False,False
125,2020-04-15,2683.85,0.9212139277530416,0.9326947534115396,1.0347076028839168,0.984164274478374,93.15000000000008,42.50071194121574,211.44999999999936,180.63718605643956,-138.1364741152238,0.0673052465884604,-0.0158357255216259,False,True
126,2020-04-16,2755.75,0.8971786265082101,0.9373390404692912,1.0077111494148598,0.9852714650227234,21.25,40.588160263630016,283.3499999999999,172.67793922675082,-132.0897789631208,0.0626609595307088,-0.0147285349772765,False,False
127,2020-04-17,2681.55,0.9220040648132608,0.9391895562319847,1.035595084932222,0.9740799873492996,95.44999999999982,69.50580992348523,209.15000000000052,163.06624548612126,-93.56043556263604,0.0608104437680152,-0.0259200126507003,False,False
128,2020-04-20,2603.6,0.9076855123674912,0.9314362683499636,1.0666000921800585,0.9932127607658816,173.4000000000001,17.671256069950232,240.3499999999999,178.5125317240345,-160.84127565408426,0.0685637316500362,-0.0067872392341182,False,True
129,2020-04-21,2578.95,0.9163613098353982,0.9494050734363814,1.0767948195971229,0.9998423094905354,198.05000000000015,0.4066759393836037,215.69999999999985,130.48178586124413,-130.07510992186053,0.0505949265636186,-0.0001576905094645,False,True
130,2020-04-22,2541.0,0.930047225501771,0.9530526033450236,1.0928768201495471,1.000090790782146,235.9999999999991,0.2306993774332113,177.75,119.29333490029468,-119.06263552286146,0.0469473966549762,9.07907821461329e-05,False,False
131,2020-04-23,2520.2,0.9377231965717008,0.950477650400019,1.1018966748670742,0.9966175668047834,256.8000000000002,8.524408138584931,156.94999999999982,124.80622546187216,-116.2818173232872,0.049522349599981,-0.0033824331952165,False,False
132,2020-04-24,2737.25,0.8633665174901818,0.9329164957231604,1.0145218741437574,0.9965403413952624,39.75,9.469950515818256,374.0,183.6243220817796,-174.15437156596136,0.0670835042768397,-0.0034596586047377,False,True
133,2020-04-27,2777.0,0.8279258192293842,0.95256394922237,1.0,0.9718874605273362,0.0,78.06852211558726,477.8499999999999,131.72991300947842,-53.661390893891166,0.0474360507776299,-0.0281125394726637,False,False
134,2020-04-28,2699.8,0.8516001185272983,0.9383906325140609,1.0,0.9829620074062808,0.0,45.99917240452305,400.6500000000001,166.33297033853887,-120.33379793401582,0.0616093674859392,-0.0170379925937191,False,False
135,2020-04-29,2652.45,0.8524948632396464,0.9409871258025556,1.007238590736866,0.973302817905802,19.200000000000276,70.81294064575559,391.25,156.52869816501106,-85.71575751925548,0.0590128741974442,-0.026697182094198,False,False
136,2020-04-30,2608.45,0.8668749640591156,0.9334708798364948,1.024228948225958,0.992612813864032,63.19999999999982,19.2691056763656,347.25,173.537883490495,-154.2687778141294,0.0665291201635051,-0.007387186135968,False,True
137,2020-05-04,2671.65,0.8463683491475305,0.9378800260249144,1.0,0.9832208667440376,0.0,44.82797136329191,410.4500000000003,165.96282847053772,-121.1348571072458,0.0621199739750857,-0.0167791332559623,False,False
138,2020-05-05,2669.9,0.8469231057342971,0.9539515076239026,1.0,0.9667762893008852,0.0,88.70398519556647,408.7000000000003,122.9448697949424,-34.24088459937593,0.0460484923760974,-0.0332237106991147,False,False
139,2020-05-06,2616.6,0.8641748834365206,0.9479273075983152,1.0,0.9810112010224312,0.0,49.68609140470653,355.4000000000001,136.25340693824865,-86.56731553354211,0.0520726924016848,-0.0189887989775687,False,False
140,2020-05-07,2559.7,0.8833847716529281,0.9391879908083656,1.0140641481423605,0.988777156903888,36.0,28.72711147311793,298.5,155.66049992782655,-126.93338845470862,0.0608120091916344,-0.0112228430961121,False,False
141,2020-05-08,2588.55,0.8735392401151222,0.9503685590803838,1.0027621641459503,0.9866968318574768,7.149999999999636,34.43591589532889,327.3500000000004,128.4734663924728,-94.03755049714393,0.0496314409196162,-0.0133031681425233,False,False
142,2020-05-11,2595.7,0.8711330276996572,0.9520332918114256,1.0,0.9778705455794822,0.0,57.4414248393382,334.5,124.50718444508266,-67.06575960574446,0.0479667081885745,-0.0221294544205178,False,False
143,2020-05-12,2575.35,0.8780165802706428,0.954041307596621,1.0,0.9867010553894088,0.0,34.249437002886225,314.1500000000001,118.35971848104236,-84.11028147815614,0.045958692403379,-0.0132989446105912,False,False
144,2020-05-13,2488.7,0.908586812392012,0.9440087289156156,1.016715554305461,0.999678096574889,41.60000000000037,0.8011210540735192,227.49999999999957,139.34547634770706,-138.54435529363354,0.0559912710843842,-0.0003219034251109,False,True
145,2020-05-14,2530.3,0.8936489744299093,0.9576567689027112,1.0,0.9849881742751962,0.0,37.98442263147081,269.1000000000004,107.14107764546998,-69.15665501399917,0.0423432310972887,-0.0150118257248037,False,False
146,2020-05-15,2472.4,0.914576929299466,0.962444405668789,1.009606050800841,0.99049097177921,23.749999999999545,23.51012137308089,211.20000000000027,92.85245142448592,-69.34233005140504,0.037555594331211,-0.0095090282207899,False,False
147,2020-05-18,2363.25,0.9568179413942663,0.9617518248849312,1.0562361155188829,0.9972805589239028,132.9000000000001,6.4267191230869685,102.05000000000018,90.38999984068596,-83.96328071759899,0.0382481751150687,-0.0027194410760973,False,False
148,2020-05-19,2372.05,0.9532682700617608,0.9670442909719188,1.052317615564596,1.0033526987392871,124.09999999999992,7.952769044526576,110.85000000000036,78.17258960006029,-70.21982055553372,0.0329557090280813,0.0033526987392873,False,False
149,2020-05-20,2439.5,0.9269112523058004,0.964841028954582,1.0232219717155155,0.9953086085977564,56.65000000000009,11.444649325772843,178.29999999999973,85.77030986529735,-74.3256605395245,0.0351589710454181,-0.0046913914022435,False,False
150,2020-05-21,2472.1,0.9146879171554548,0.953219438985978,1.0097285708506938,0.9913358630174962,24.050000000000185,21.418613034447844,210.9000000000001,115.64622488276382,-94.22761184831596,0.046780561014022,-0.0086641369825037,False,False
151,2020-05-22,2496.15,0.9058750475732628,0.9567689371385872,1.0,0.9941121115132544,0.0,14.697052846190218,234.95000000000027,107.91121756151506,-93.21416471532484,0.0432310628614126,-0.0058878884867455,False,False
152,2020-05-26,2409.6,0.9384130146082336,0.9600527109125396,1.013757470119522,1.0003205820035848,33.15000000000009,0.7724743958378895,148.40000000000057,96.2569877851447,-95.4845133893068,0.0399472890874604,0.0003205820035847,False,False
153,2020-05-27,2299.15,0.9834938999195354,0.9623008418748118,1.0624578648631016,1.0028082060925267,143.5999999999999,6.456487037632996,37.95000000000027,86.67601940352642,-80.21953236589343,0.0376991581251882,0.0028082060925267,False,False
154,2020-05-28,2321.0,0.974235243429556,0.97320111662723,1.0524558380008615,1.006435903409535,121.74999999999956,14.937731813530718,59.80000000000064,62.20020830819931,-47.26247649466859,0.0267988833727701,0.0064359034095349,False,False
155,2020-05-29,2261.2,1.0,0.959890816144648,1.0802892269591369,1.0117107549875777,181.55000000000015,26.48035917791003,0.0,90.69488653372171,-64.2145273558117,0.0401091838553518,0.0117107549875774,False,False
156,2020-06-01,2281.5,1.0,0.970622918683698,1.0706771860618014,1.0061613354639434,161.25,14.0570868609866,0.0,67.02381102314257,-52.96672416215597,0.0293770813163019,0.0061613354639433,False,False
157,2020-06-02,2400.8,0.9595759746751082,0.974138373429546,1.01747334221926,0.993443526180992,41.94999999999936,15.7407823446747,97.05000000000018,62.08859307034572,-46.34781072567103,0.0258616265704538,-0.006556473819008,False,False
158,2020-06-03,2423.3,0.9506664465811084,0.958063840162031,1.0080262452028226,0.999765326282816,19.449999999999815,0.5686848188520344,119.54999999999971,101.62389613535017,-101.05521131649812,0.0419361598379689,-0.0002346737171841,False,False
159,2020-06-04,2442.75,0.9430969194555316,0.96405039465338,1.0,0.9828046686460594,0.0,42.00389566483818,139.0,87.81589846045608,-45.8120027956179,0.0359496053466199,-0.0171953313539405,False,False
160,2020-06-05,2395.95,0.9615183956259522,0.9662147164634942,1.0004173709801958,0.9998241920367732,1.0,0.4212270894931862,92.19999999999982,80.94785008929102,-80.52662299979784,0.0337852835365057,-0.0001758079632268,False,False
161,2020-06-08,2373.15,0.9707561679624128,0.9541648031434214,1.023197016623475,1.0043889580590428,55.04999999999973,10.415655817817424,69.40000000000009,108.77379742018957,-98.35814160237214,0.0458351968565785,0.0043889580590428,False,True
162,2020-06-09,2396.95,0.9611172531759112,0.9614899318876886,1.0130374016979913,1.0005809176991252,31.25,1.3924306789181171,93.19999999999936,92.30670776180476,-90.91427708288666,0.0385100681123113,0.0005809176991251,False,False
163,2020-06-10,2383.5,0.9665408013425636,0.9686835696839676,1.0187539332913782,0.9943319975108004,44.69999999999982,13.509683933007182,79.74999999999955,74.64271165826267,-61.13302772525549,0.0313164303160322,-0.0056680024891995,False,False
164,2020-06-11,2353.95,0.9786741434609912,0.9690301688075506,1.0315427260562031,0.9971947674196894,74.24999999999955,6.60337723242219,50.19999999999982,72.90143413546639,-66.2980569030442,0.0309698311924494,-0.0028052325803106,False,False
165,2020-06-12,2358.15,0.9769310688463414,0.957880194421178,1.0297054894726798,1.0046008420313444,70.04999999999973,10.84947563621472,54.40000000000009,99.32481952569924,-88.47534388948452,0.0421198055788221,0.0046008420313443,False,False
166,2020-06-15,2368.15,0.9728057766611068,0.9732744189581664,1.0696746405421953,0.991239944445297,165.0,20.745125561869827,64.40000000000009,63.290184744218095,-42.54505918234827,0.0267255810418335,-0.008760055554703,False,False
167,2020-06-16,2390.25,0.9638113168078652,0.9736242173059352,1.0705993096956383,0.9955937005174142,168.74999999999957,10.532157338250729,86.5,63.0447145844887,-52.512557246237975,0.0263757826940649,-0.0044062994825857,False,False
168,2020-06-17,2330.45,0.9885429852603576,0.9571257961221148,1.0980711879679892,1.0059849293170675,228.55000000000015,13.94757852696057,26.699999999999815,99.916188427218,-85.96860990025743,0.0428742038778853,0.0059849293170677,False,False
169,2020-06-18,2303.75,1.0,0.9686048191245012,1.1107976125881716,1.0120347168268675,255.25,27.724978889896192,0.0,72.32664794193033,-44.60166905203414,0.0313951808754988,0.0120347168268675,False,False
170,2020-06-19,2309.25,1.0,0.9741760686321538,1.1081519974017535,0.9995188714985452,249.7499999999991,1.1110459919846107,0.0,59.6339135111989,-58.52286751921429,0.0258239313678462,-0.0004811285014547,False,False
171,2020-06-22,2313.2,1.0,0.9783141406825276,1.1062597267854055,1.00110091320044,245.80000000000015,2.546632415258045,0.0,50.16372977317724,-47.61709735791919,0.0216858593174724,0.00110091320044,False,False
172,2020-06-23,2383.2,0.9782435381000336,0.9738681755628904,1.0737663645518631,0.9949740726632236,175.80000000000018,11.977790029005972,51.84999999999991,62.27736399851983,-50.29957396951386,0.0261318244371097,-0.0050259273367765,False,False
173,2020-06-24,2335.55,0.9982017083770416,0.9644392595306472,1.0956733959880969,1.002557789186873,223.44999999999985,5.973844535401895,4.200000000000728,83.05388740319722,-77.08004286779533,0.0355607404693528,0.0025577891868733,False,False
174,2020-06-25,2351.65,0.9913677630599792,0.9716975851402204,1.0881721344587842,0.9981935000236968,207.3499999999999,4.248255669273931,20.299999999999727,66.55737390500053,-62.3091182357266,0.0283024148597795,-0.0018064999763033,False,False
175,2020-06-26,2346.6,0.9935012358305634,0.9748152481408212,1.0905139350549733,1.0025835596529404,212.40000000000052,6.062581081589997,15.25,59.098538712748905,-53.03595763115891,0.0251847518591786,0.0025835596529404,False,False
176,2020-06-29,2355.8,0.989621360047542,0.9634007207839896,1.0862551999320824,1.0020066154617706,203.19999999999985,4.727184704839146,24.450000000000728,86.22058197707747,-81.49339727223833,0.0365992792160104,0.0020066154617706,False,False
177,2020-06-30,2366.1,0.9853133848949748,0.9729765760539746,1.0815265626981108,0.99645403011985,192.89999999999964,8.390119333423172,34.75,63.94012339869096,-55.550004065267785,0.0270234239460254,-0.0035459698801501,False,False
178,2020-07-01,2348.35,0.9927608746566738,0.9749938964635494,1.1337321949453874,0.9984556153567434,314.0500000000002,3.6267556769917055,17.0,58.72308323982361,-55.0963275628319,0.0250061035364506,-0.0015443846432565,False,False
179,2020-07-02,2350.0,0.992063829787234,0.9768259471595256,1.132936170212766,0.9979791550192108,312.4000000000001,4.748985704854931,18.65000000000009,54.45902417511479,-49.71003847025986,0.0231740528404744,-0.0020208449807892,False,False
180,2020-07-07,2335.6,1.0,0.982056659921804,1.2532967973968143,1.0013565435624436,591.5999999999995,3.1683431444434973,0.0,41.90846508663435,-38.74012194219085,0.0179433400781959,0.0013565435624436,False,False
181,2020-07-08,2428.2,0.990322049254592,0.976781162942347,1.227370068363397,0.9911112195618328,552.1000000000008,21.58373665995714,23.499999999999545,56.37998014339291,-34.796243483435774,0.023218837057653,-0.008888780438167,False,False
182,2020-07-09,2422.55,0.9926317310272232,0.9769080725041256,1.23023260613816,0.9861062016940694,557.75,33.65842108603238,17.850000000000364,55.94134895513071,-22.28292786909833,0.0230919274958745,-0.0138937983059306,False,False
183,2020-07-10,2421.1,0.99322621948701,0.9600310994289148,1.2309693940770725,0.9964467570528966,559.2000000000003,8.602756499231873,16.40000000000009,96.76870517265434,-88.16594867342246,0.0399689005710852,-0.0035532429471033,False,False
184,2020-07-13,2404.7,1.0,0.968084856126085,1.2393645777020004,0.9963307331126036,575.6000000000004,8.823486084122578,0.0,76.74634647360335,-67.92286038948077,0.031915143873915,-0.0036692668873965,False,False
185,2020-07-14,2477.75,0.9877106245585714,0.9669692851606688,1.202825143779639,0.99774686817104,502.5500000000002,5.582697389205805,30.449999999999815,81.84185369315264,-76.25915630394684,0.0330307148393311,-0.00225313182896,False,False
186,2020-07-15,2533.15,0.9661093894952923,0.9647843570714484,1.1765193533742573,0.982278046593434,447.1499999999997,44.89236627184255,85.85000000000036,89.20650588446097,-44.31413961261842,0.0352156429285517,-0.0177219534065659,False,False
187,2020-07-16,2559.0,0.9563501367721768,0.9741154519039557,1.1646346228995703,0.9892133988541406,421.30000000000064,27.602912332254164,111.69999999999936,66.23855857777744,-38.63564624552328,0.0258845480960443,-0.0107866011458593,False,False
188,2020-07-17,2496.45,0.980312043101204,0.958079693253348,1.1938152176090049,0.9871721252892648,483.8500000000004,32.024147821615315,49.14999999999918,104.65194977767896,-72.62780195606365,0.0419203067466519,-0.0128278747107353,False,False
189,2020-07-20,2506.35,0.97643984279929,0.9482261335530252,1.1890996867955397,0.9894924558428044,473.9500000000007,26.335583298387064,59.04999999999973,129.76343016937517,-103.4278468709881,0.0517738664469746,-0.0105075441571954,False,False
190,2020-07-21,2447.3,1.0,0.9572289177454516,1.2177910350181833,0.9940825603748902,533.0,14.481749994531128,0.0,104.6736696015564,-90.19191960702528,0.0427710822545485,-0.0059174396251098,False,False
191,2020-07-22,2455.05,0.9988798598806542,0.9657073256709228,1.213946762795055,0.9855676621130318,525.25,35.432111129401164,2.75,84.19023011160061,-48.75811898219945,0.0342926743290771,-0.0144323378869681,False,False
192,2020-07-23,2499.0,0.981312525010004,0.9558506541532416,1.1925970388155265,0.9831766967119068,481.30000000000064,42.04143491694458,46.69999999999982,110.32921527104918,-68.2877803541046,0.0441493458467583,-0.0168233032880931,False,False
193,2020-07-24,2488.1,0.985611510791367,0.9709354341143036,1.1978216309633858,0.97747205799489,492.2000000000003,56.051772502914446,35.79999999999973,72.31554638020089,-16.26377387728644,0.0290645658856962,-0.0225279420051101,False,False
194,2020-07-27,2452.3,1.0,0.9495682633163304,1.2153080781307344,1.0002115843062227,528.0,0.5188681941499453,0.0,123.6737478693626,-123.15487967521268,0.0504317366836695,0.0002115843062227,False,True
195,2020-07-28,2453.6,1.0,0.9615311440007588,1.2146641669383764,0.9891187347873752,526.7000000000003,26.698272325696507,0.0,94.38718507973816,-67.68891275404167,0.0384688559992411,-0.0108812652126248,False,False
196,2020-07-29,2542.7,1.0,0.9488827379072214,1.1721005230660324,0.9892368600420977,437.6000000000004,27.367435970958468,0.0,129.9758623233079,-102.6084263523494,0.0511172620927785,-0.0107631399579024,False,False
197,2020-07-30,2546.1,1.0,0.9599879097973136,1.1705353285416913,0.97470555696142,434.2000000000003,64.40218142052845,0.0,101.87478286505984,-37.47260144453139,0.0400120902026863,-0.0252944430385799,False,False
198,2020-07-31,2662.4,1.0,0.9542171896520162,1.1194035456730769,0.973987640362931,317.9000000000001,69.25530629773266,0.0,121.89215427047202,-52.63684797273936,0.0457828103479838,-0.026012359637069,False,False
199,2020-08-03,2794.25,0.9737138767111032,0.9359889641370844,1.0665831618502282,0.9681743856223812,186.05000000000015,88.92872297466101,73.44999999999982,178.86283695995235,-89.93411398529133,0.0640110358629156,-0.0318256143776186,False,False
200,2020-08-04,2927.2,0.9294889314020224,0.9416682755023598,1.0181402022410495,0.9573116464771004,53.09999999999991,124.9573484322318,206.4000000000001,170.7486239494924,-45.7912755172606,0.0583317244976402,-0.0426883535228995,False,False
201,2020-08-05,2842.0,0.957353976073188,0.9284473290019812,1.0486629134412386,0.959667516430018,138.30000000000018,114.62491830588895,121.19999999999982,203.3526909763691,-88.72777267048014,0.0715526709980186,-0.040332483569982,False,False
202,2020-08-06,2863.9,0.950033171549286,0.940658354774488,1.0406438772303503,0.9663058929128558,116.40000000000056,96.49655328687231,143.0999999999999,169.9485377613437,-73.45198447447137,0.0593416452255119,-0.0336941070871441,False,False
203,2020-08-07,2980.3,0.9129282287018086,0.9280798440619208,1.0,0.9549797821613848,0.0,134.17375522442535,259.5,214.34364074225775,-80.16988551783243,0.0719201559380793,-0.0450202178386153,False,False
204,2020-08-10,2977.5,0.9137867338371116,0.9378973107252024,1.0,0.944666468923714,0.0,164.75558877964204,256.7000000000003,184.91075731570984,-20.155168536067777,0.0621026892747975,-0.0553335310762861,False,False
205,2020-08-11,2784.5,0.977123361465254,0.9399951418381088,1.052702460046687,0.9734539780710224,146.75,73.9173980612386,63.70000000000027,167.08352755178612,-93.16612949054752,0.0600048581618912,-0.0265460219289777,False,False
206,2020-08-12,2788.2,0.9758266982282476,0.9487390121293844,1.0513055017574062,0.9658718978004148,143.05000000000018,95.15597455288298,67.40000000000009,142.92588638085044,-47.76991182796746,0.0512609878706156,-0.034128102199585,False,False
207,2020-08-13,2906.7,0.9360443114184472,0.9344318288068412,1.0084460040595866,0.9594581324647732,24.55000000000064,117.84304636464412,185.8999999999992,190.58700320715437,-72.74395684251022,0.0655681711931587,-0.0405418675352269,False,False
208,2020-08-14,2931.25,0.9282046908315564,0.9366280300923556,1.0,0.9570093892469608,0.0,126.01622776984595,210.45000000000027,185.7590867917825,-59.74285902193651,0.0633719699076442,-0.0429906107530391,False,False
209,2020-08-17,2885.15,0.9430358906815935,0.9371131150263604,1.0126509886834307,0.9632226919828548,36.5,106.10805022566592,164.35000000000036,181.43809618169644,-75.33004595603052,0.0628868849736395,-0.036777308017145,False,False
210,2020-08-18,2890.85,0.9411764705882354,0.9385763859044484,1.010654305827006,0.9566201927522856,30.80000000000064,125.40451578205511,170.04999999999973,177.5664548081254,-52.161939026070286,0.0614236140955516,-0.0433798072477144,False,False
211,2020-08-19,2848.35,0.9552196885916407,0.9395074108323016,1.0257341969912406,0.96016556109524,73.30000000000018,113.46242405437306,127.55000000000018,172.30406635581355,-58.84164230144052,0.0604925891676983,-0.03983443890476,False,False
212,2020-08-20,2856.15,0.952611032333736,0.93916251757378,1.0229329692067994,0.9619492350987108,65.5,108.67869217281668,135.3499999999999,173.7609754316486,-65.08228325883192,0.0608374824262201,-0.0380507649012891,False,False
213,2020-08-21,2839.45,0.9582137385761328,0.943323529729043,1.0289492683442216,0.962472178431607,82.20000000000027,106.55837295237323,118.64999999999964,160.93000351086903,-54.37163055849578,0.056676470270957,-0.0375278215683929,False,False
214,2020-08-24,2800.05,0.9716969339833216,0.9451926852487617,1.0434277959322154,0.9651999646618584,121.59999999999944,97.4418389485636,79.25000000000045,153.46322166920527,-56.02138272064167,0.0548073147512384,-0.0348000353381416,False,False
215,2020-08-25,2795.75,0.9731914513100242,0.9454640502116904,1.0450326388267908,0.968734902414507,125.90000000000008,87.40939657464196,74.94999999999982,152.46888162066625,-65.05948504602429,0.0545359497883095,-0.031265097585493,False,False
216,2020-08-26,2819.35,0.9650451345168214,0.9473095482652004,1.0362849592991292,0.962838510325334,102.30000000000018,104.77124591426993,98.54999999999971,148.55282509850758,-43.78157918423767,0.0526904517347996,-0.0371614896746661,False,False
217,2020-08-27,2873.75,0.9467768595041324,0.9460023638654812,1.0166681165724227,0.9567566468165998,47.89999999999964,124.2705862107964,152.94999999999982,155.17570684157363,-30.90512063077722,0.0539976361345189,-0.0432433531834002,False,False
218,2020-08-28,2871.6,0.947485722245438,0.943653327831302,1.0174293077030228,0.953845014050881,50.05000000000018,132.5386576514902,150.80000000000018,161.8051037996329,-29.26644614814268,0.0563466721686979,-0.046154985949119,False,False
219,2020-08-31,2720.8,1.0,0.9499731064117012,1.0738201999411938,0.9779760221950518,200.8500000000004,59.92283881170306,0.0,136.11317207504362,-76.19033326334056,0.0500268935882989,-0.0220239778049482,False,False
220,2020-09-01,2803.5,0.9783128232566434,0.9521791482806794,1.042143748885322,0.966756240915069,118.15000000000008,93.19887859460414,60.80000000000018,134.06575779511513,-40.86687920051099,0.0478208517193206,-0.033243759084931,False,False
221,2020-09-02,2783.65,0.9852890988450416,0.9445954268041316,1.0495751980313617,0.960585191284332,138.0,109.71703228136948,40.94999999999982,154.2269401766789,-44.50990789530943,0.0554045731958683,-0.039414808715668,False,False
222,2020-09-03,2874.65,0.954098759849025,0.951499688592887,1.0163498164993998,0.960264590497163,46.999999999999545,114.2253949273304,131.95000000000027,139.42142018645745,-25.19602525912705,0.0485003114071129,-0.039735409502837,False,False
223,2020-09-04,2803.1,0.978452427669366,0.9408280091268392,1.0422924619171632,0.9634502101287334,118.55000000000018,102.45271598814723,60.40000000000009,165.8650076165568,-63.41229162840955,0.0591719908731607,-0.0365497898712665,False,False
224,2020-09-09,2863.2,0.9504051411008662,0.942228237493357,1.0204142218496788,0.961121157636592,58.45000000000027,111.31790145491004,142.0,165.41211040902,-54.094208954109945,0.0577717625066429,-0.0388788423634081,False,False
225,2020-09-10,2921.65,0.931391508223093,0.9451294262206132,1.0,0.9577575851010712,0.0,123.41755148945504,200.45000000000027,160.3126118825453,-36.89506039309026,0.0548705737793867,-0.0422424148989286,False,False
226,2020-09-11,2898.4,0.9388628208666848,0.9424963281548334,1.0039159536295887,0.956793930050602,11.349999999999907,125.22847314133514,177.20000000000073,166.66864247603098,-41.44016933469584,0.0575036718451665,-0.043206069949398,False,False
227,2020-09-14,2909.75,0.9205601855829538,0.9428603587349828,1.0,0.9567163637452728,0.0,125.94456059219192,231.1500000000001,166.2620711708837,-40.31751057869178,0.0571396412650171,-0.043283636254727,False,False
228,2020-09-15,2851.6,0.9319504839388416,0.94313923148653,1.004611446205639,0.963205782583794,13.150000000000093,104.92239038405296,194.04999999999927,162.14416749301154,-57.22177710895858,0.0568607685134701,-0.0367942174162059,False,False
229,2020-09-16,2825.85,0.9376470796397544,0.9463382222002742,1.0137657695914504,0.968699104773356,38.90000000000009,88.4516347762119,176.20000000000027,151.64013479535515,-63.18850001914325,0.0536617777997258,-0.0313008952266439,False,False
230,2020-09-17,2838.9,0.933336855824439,0.9475732089828212,1.0091056395082605,0.9622355464896728,25.85000000000082,107.20950707046768,189.25,148.83441701866877,-41.62490994820109,0.0524267910171787,-0.037764453510327,False,False
231,2020-09-18,2856.8,0.9274887986558388,0.9483915362746004,1.0027828339400728,0.9632262657457558,7.950000000000273,105.05520401752484,207.14999999999964,147.43505917072116,-42.37985515319633,0.0516084637253995,-0.0367737342542442,False,False
232,2020-09-21,2864.75,0.9249149140413648,0.9466007242307216,1.0,0.9584579835683468,0.0,119.00749157257816,215.0999999999999,152.9755752600404,-33.96808368746224,0.0533992757692783,-0.0415420164316531,False,False
233,2020-09-22,2803.1,0.9340016410402768,0.9464008593787926,1.0099889408155256,0.96533215274324,28.0,97.17744264542398,185.0,150.2437510753066,-53.06630842988261,0.0535991406212074,-0.03466784725676,False,False
234,2020-09-23,2742.7,0.9472964596930034,0.9523919512556084,1.032231013235133,0.9725125182137118,88.39999999999964,75.38991629525253,144.54999999999973,130.574595291243,-55.18467899599045,0.0476080487443917,-0.0274874817862882,False,False
235,2020-09-24,2831.1,0.9177174949666208,0.9515658985846976,1.0,0.9743964053139702,0.0,72.48633691561918,232.94999999999985,137.1217845168626,-64.63544760124341,0.0484341014153024,-0.0256035946860297,False,False
236,2020-09-25,2799.9,0.9279438551376836,0.9537572134429816,1.0,0.9490646404170352,0.0,142.61391329634353,201.74999999999957,129.47517808099565,13.13873521534788,0.0462427865570183,-0.0509353595829649,False,False
237,2020-09-28,2771.9,0.936613874959414,0.9524985953175044,1.002705725314766,0.970266809182172,7.5,82.41743162793728,175.70000000000027,131.66914363940987,-49.25171201147259,0.0475014046824956,-0.0297331908178278,False,False
238,2020-09-29,2779.4,0.934086493487803,0.95184524191204,1.0,0.9673567085912018,0.0,90.72876414161374,183.20000000000027,133.84133462967566,-43.11257048806192,0.0481547580879598,-0.0326432914087981,False,False
239,2020-09-30,2779.05,0.934204134506396,0.9522138212519324,1.0,0.9672685191532352,0.0,90.96242184720222,182.8500000000004,132.8001800498173,-41.83775820261508,0.0477861787480676,-0.0327314808467649,False,False
240,2020-10-01,2743.05,0.9464647017006615,0.9538268076895972,1.0105539454257122,0.968515598354276,28.949999999999815,86.36328793430266,146.85000000000036,126.65537516705037,-40.29208723274769,0.0461731923104028,-0.0314844016457238,False,False
241,2020-10-05,2755.05,0.9423422442423912,0.9552816944855106,1.0061523384330593,0.9683742453517056,16.949999999999818,87.13053534378378,158.8499999999999,123.20116760769406,-36.07063226391029,0.0447183055144894,-0.0316257546482945,False,False
242,2020-10-06,2772.0,0.9365800865800864,0.9553578018650656,1.0,0.9675492937274336,0.0,89.95335778755361,175.80000000000064,123.748173230038,-33.79481544248438,0.0446421981349343,-0.0324507062725663,False,False
243,2020-10-07,2730.8,0.9507104145305404,0.9542554522118226,1.0077999121136665,0.9755041404585314,21.30000000000064,66.89329323584252,134.60000000000036,124.91921109995474,-58.025917864112216,0.0457445477881773,-0.0244958595414686,False,False
244,2020-10-08,2733.6,0.9497366110623352,0.9553539596060618,1.0067676324261048,0.9695898473653096,18.5,83.1291932421891,137.40000000000057,122.04441602086943,-38.915222778680345,0.0446460403939381,-0.0304101526346902,False,False
245,2020-10-09,2721.2,0.9540643833602822,0.9543464604225732,1.0113552844333382,0.9717608574569712,30.90000000000009,76.84435468808988,125.0,124.23241189809367,-47.38805721000381,0.0456535395774266,-0.0282391425430288,False,False
246,2020-10-14,2678.6,0.9692376614649444,0.956384021805053,1.034234301500784,0.9740800814589778,91.69999999999982,69.42909380398214,82.40000000000009,116.82975919298497,-47.400665389002825,0.043615978194947,-0.0259199185410221,False,False
247,2020-10-15,2657.55,0.9769148275667436,0.956877353589186,1.0424262948956746,0.9814235312087204,112.75,49.367894636265646,61.35000000000037,114.60058896905912,-65.23269433279347,0.043122646410814,-0.0185764687912797,False,False
248,2020-10-16,2649.65,0.9798275243900136,0.9572060645487748,1.0455343158530372,0.9814875804173454,120.65000000000008,49.05143254718087,53.45000000000027,113.38895106833934,-64.33751852115847,0.0427939354512253,-0.0185124195826545,False,False
249,2020-10-19,2651.3,0.979217742239656,0.9601261147956266,1.0448836419869498,0.979821873355598,119.0,53.4982671723028,55.10000000000037,105.71763184235532,-52.21936467005253,0.0398738852043734,-0.0201781266444018,False,False
250,2020-10-20,2662.0,0.975281743050338,0.9598306979737672,1.0406836964688204,0.97950114466745,108.29999999999971,54.567952895248254,65.80000000000018,106.93068199383195,-52.36272909858371,0.0401693020262328,-0.02049885533255,False,False
251,2020-10-21,2651.75,0.9790515697181106,0.9588046769917408,1.044706326011125,0.978975194687098,118.55000000000064,55.75252748848743,55.55000000000018,109.23969778715129,-53.48717029866384,0.0411953230082591,-0.0210248053129018,False,False
252,2020-10-22,2618.1,0.9916351552652688,0.9610634005669492,1.0581337611244797,0.9791672637232404,152.20000000000027,54.5421868461849,21.89999999999964,101.9399109756705,-47.3977241294856,0.0389365994330508,-0.0208327362767597,False,False
253,2020-10-23,2598.15,0.999249465966168,0.9642451525916294,1.0662586840636608,0.9822096444065398,172.1500000000001,46.222012385148446,1.950000000000728,92.8964567940584,-46.67444440890995,0.0357548474083706,-0.0177903555934602,False,False
254,2020-10-26,2596.2,1.0,0.9628532307428876,1.0767082659271243,0.987259330216988,199.1500000000001,33.07732689065551,0.0,96.4404423453152,-63.36311545465969,0.0371467692571123,-0.0127406697830119,False,False
255,2020-10-27,2683.85,0.9815190863870932,0.9606528426985737,1.0500214244462247,0.976901257690951,134.25,61.99355954614112,49.59999999999991,105.60186812343318,-43.608308577292064,0.0393471573014264,-0.0230987423090489,False,False
256,2020-10-28,2684.2,0.9813911034945236,0.960639224680164,1.0582855226883243,0.9667729502027904,156.45000000000027,89.18804706567016,49.94999999999982,105.65219311350349,-16.46414604783331,0.0393607753198359,-0.0332270497972095,False,False
257,2020-10-29,2672.35,0.9857428854753308,0.9569884076946932,1.0629782775459802,0.977820970077672,168.30000000000018,59.27013061293337,38.099999999999454,114.94202869708624,-55.67189808415287,0.0430115923053067,-0.022179029922328,False,False
258,2020-10-30,2634.25,1.0,0.9573033889862064,1.0783524722406757,0.9822391066269888,206.39999999999964,46.7866333678553,0.0,112.4735475630855,-65.6869141952302,0.0426966110137935,-0.0177608933730113,False,False
259,2020-11-02,2657.45,0.9988334681743776,0.9574063245648268,1.0689382678883894,0.980324145448428,183.20000000000027,52.28759967807537,3.100000000000364,113.19056278520156,-60.9029631071262,0.0425936754351733,-0.019675854551572,False,False
260,2020-11-03,2654.7,0.9998681583606436,0.960804252937991,1.0728707575243908,0.9739961678972512,193.45000000000027,69.03237308316693,0.3499999999994543,104.0529497255152,-35.02057664234826,0.039195747062009,-0.0260038321027487,False,False
261,2020-11-04,2694.45,0.9851175564586464,0.9553442765258212,1.059622557479263,0.9775233428832686,160.6500000000001,60.56222876817674,40.10000000000037,120.32261411500076,-59.76038534682402,0.0446557234741786,-0.0224766571167314,False,False
262,2020-11-05,2750.05,0.9652006327157688,0.9545031087161916,1.0381993054671732,0.9696506640059428,105.04999999999971,83.46219145045688,95.69999999999982,125.1187258750374,-41.656534424580514,0.0454968912838085,-0.030349335994057,False,False
263,2020-11-06,2752.1,0.964481668544021,0.954835033960333,1.037425965626249,0.964474328647857,103.0,97.77020012823276,97.75,124.29850303776766,-26.528302909534887,0.045164966039667,-0.035525671352143,False,False
264,2020-11-09,2770.3,0.9581453272208784,0.9496833645668878,1.0545969750568531,0.9641166570872366,151.25,99.40762487122856,115.95000000000071,139.39217514035045,-39.98455026912188,0.0503166354331121,-0.0358833429127634,False,False
265,2020-11-10,2721.7,0.975254436565382,0.9517023934786112,1.073428371973399,0.967056393109138,199.8499999999999,89.66261487485917,67.34999999999991,131.4515956692635,-41.78898079440432,0.0482976065213887,-0.0329436068908619,False,False
266,2020-11-13,2680.2,0.9978173270651444,0.9582387733989574,1.0900492500559662,0.972450253798049,241.3500000000008,73.83882977046915,5.849999999999909,111.92843953611464,-38.08960976564549,0.0417612266010426,-0.027549746201951,False,False
267,2020-11-18,2696.55,0.9917672581632084,0.9559308028034624,1.096808885427676,0.9717982755770184,261.0499999999997,76.04735999279137,22.200000000000276,118.83479370032364,-42.78743370753227,0.0440691971965376,-0.0282017244229817,False,False
268,2020-11-19,2674.35,1.0,0.9561387668498564,1.1059135864789575,0.970909251025014,283.25,77.79884452125361,0.0,117.30028887508615,-39.50144435383254,0.0438612331501434,-0.0290907489749858,False,False
269,2020-11-20,2678.55,1.0,0.9566367919784724,1.1041795001026673,0.9717562761344828,279.0499999999997,75.65222655998105,0.0,116.1505208460626,-40.498294286081546,0.0433632080215276,-0.0282437238655171,False,False
270,2020-11-23,2761.8,1.0,0.9524496381528312,1.0708957925990297,0.972652319061648,195.80000000000015,75.52882521554056,0.0,131.32458934951092,-55.79576413397035,0.0475503618471688,-0.027347680938352,False,False
271,2020-11-24,2774.55,1.0,0.95262188620678,1.065974662557892,0.9642147416386352,183.04999999999927,99.28798858652452,0.0,131.45294562497838,-32.16495703845385,0.0473781137932198,-0.0357852583613648,False,False
272,2020-11-25,2795.35,0.997728370329297,0.95072923141393,1.0580428211136352,0.9665441289840672,162.25000000000043,93.52086904438738,6.349999999999909,137.7290429670711,-44.20817392268373,0.04927076858607,-0.0334558710159327,False,False
273,2020-12-01,2789.0,1.0,0.9440472094800376,1.060451774829688,0.9707684574996178,168.5999999999999,81.52677203356598,0.0,156.05233276017498,-74.525560726609,0.0559527905199623,-0.0292315425003821,False,False
274,2020-12-02,2791.6,1.0,0.9464672026198272,1.0594641066055308,0.9602721001808656,166.0,110.90440513509566,0.0,149.4421571664907,-38.53775203139503,0.0535327973801729,-0.0397278998191343,False,False
275,2020-12-03,2848.15,1.0,0.9449912496852756,1.0384284535575723,0.9666578556647144,109.44999999999936,94.96342838854343,0.0,156.67317220888208,-61.709743820338645,0.0550087503147243,-0.0333421443352854,False,False
276,2020-12-04,2855.1,1.0,0.9447442667803506,1.0359006689783194,0.9562375490326128,102.5,124.94617375698726,0.0,157.76064391542104,-32.81447015843378,0.0552557332196493,-0.0437624509673872,False,False
277,2020-12-07,2921.55,0.9780253632489602,0.93769797377046,1.021769266314114,0.9601059065479264,63.59999999999991,116.55258872490596,64.20000000000027,182.0184847309124,-65.46589600600646,0.0623020262295399,-0.0398940934520737,False,False
278,2020-12-08,2910.25,0.98182286745125,0.9365628297122482,1.0350313546946135,0.9577263964860444,101.94999999999892,123.02675462648904,52.89999999999964,184.6180248299297,-61.59127020344067,0.0634371702877517,-0.0422736035139554,False,False
279,2020-12-09,2907.7,0.9826839082436292,0.9365684511726754,1.0455858582384705,0.9576591158318392,132.55000000000064,123.1145888957608,50.349999999999454,184.43991452521183,-61.32532562945107,0.0634315488273246,-0.0423408841681607,False,False
280,2020-12-10,2918.25,0.9791313287072732,0.934348209520442,1.0418058768097318,0.9562766812429194,122.0,127.5955749628506,60.90000000000009,191.5883375669705,-63.99276260411989,0.065651790479558,-0.0437233187570805,False,False
281,2020-12-11,2895.95,0.9866710405911704,0.9403177211041313,1.049828208359951,0.9609883434405824,144.30000000000018,112.97580681324598,38.59999999999991,172.8368955684914,-59.86108875524542,0.0596822788958688,-0.0390116565594177,False,False
282,2020-12-14,2928.55,0.9756876269826364,0.93546471946206,1.0557955302111963,0.9589003996621857,163.39999999999918,120.36223456930612,71.19999999999982,188.9947958193843,-68.6325612500782,0.0645352805379401,-0.0410996003378143,False,False
283,2020-12-15,2896.65,0.986432603179535,0.9373839356440692,1.0747415117463277,0.9596448370858406,216.5,116.89478265529988,39.30000000000018,181.3768228166068,-64.48204016130694,0.0626160643559308,-0.0403551629141594,False,False
284,2020-12-16,2897.75,0.9860581485635408,0.9357679159389772,1.074333534638944,0.9615803529842232,215.4000000000001,111.33053213996708,40.39999999999964,186.12852158782837,-74.79798944786126,0.0642320840610226,-0.0384196470157768,False,False
285,2020-12-17,2936.1,0.973178706447328,0.9357125216167278,1.0603010796634993,0.9545647068299687,177.05000000000018,133.4025642765282,78.75000000000045,188.7544652811257,-55.35190100459749,0.0642874783832722,-0.0454352931700311,False,False
286,2020-12-18,2957.6,0.9661042737354611,0.9347288319463316,1.052593318907222,0.9525830637182986,155.55000000000018,140.24033074676026,100.25,193.0460066355295,-52.8056758887692,0.0652711680536684,-0.0474169362817014,False,False
287,2020-12-21,2876.95,0.9931872295312744,0.9407239823719816,1.082100835954744,0.9598997355073698,236.20000000000076,115.36645593207233,19.600000000000364,170.5341389149271,-55.16768298285479,0.0592760176280182,-0.0401002644926301,False,False
288,2020-12-22,2857.35,1.0,0.9414301514518412,1.089523509545558,0.963756713297376,255.80000000000015,103.5597552597428,0.0,167.3545567490819,-63.79480148933908,0.0585698485481589,-0.036243286702624,False,False
289,2020-12-23,2869.0,1.0,0.9435059982352992,1.0850993377483444,0.965026996371244,244.1500000000001,100.3375474109007,0.0,162.08129106292608,-61.74374365202539,0.0564940017647006,-0.0349730036287558,False,False
290,2020-12-24,2920.5,0.995959595959596,0.9420751897513564,1.065964732066427,0.9607600695878576,192.6500000000001,114.600216768662,11.799999999999727,169.16940833116405,-54.569191562502056,0.0579248102486437,-0.0392399304121424,False,False
291,2020-12-28,2911.4,0.9990726111149274,0.941446679382621,1.0692965583568044,0.9585408490782829,201.75000000000043,120.70417199348732,2.700000000000273,170.4721376454372,-49.76796565194991,0.0585533206173789,-0.0414591509217171,False,False
292,2020-12-29,2925.35,0.994308373357034,0.9395438515871204,1.0641974464593982,0.9601293393157329,187.80000000000064,116.63563723272092,16.650000000000546,176.85539375961753,-60.21975652689662,0.0604561484128797,-0.0398706606842671,False,False
293,2020-12-30,2928.2,0.9933406188101904,0.9420653742643342,1.063161669284885,0.9613326014364936,184.95000000000076,113.2258764736598,19.50000000000045,169.64417107917643,-56.41829460551662,0.0579346257356657,-0.0386673985635065,False,False
294,2020-12-31,2908.7,1.0,0.9381816465245044,1.0702891326021935,0.9585986043018624,204.45000000000027,120.42423966717251,0.0,179.8110447541735,-59.386805087000994,0.0618183534754954,-0.0414013956981375,False,False
295,2021-01-05,2985.15,0.9728321859873038,0.941746127002756,1.042878917307338,0.9544674873285536,128.0,135.92138020116818,81.09999999999991,173.8965489777229,-37.97516877655471,0.0582538729972439,-0.0455325126714463,False,False
296,2021-01-06,2982.7,0.9736312736782112,0.9408791134368824,1.0437355416233616,0.9529916465477628,130.45000000000073,140.21181584198803,78.64999999999918,176.33986835181076,-36.12805250982274,0.0591208865631175,-0.0470083534522371,False,False
297,2021-01-07,3012.2,0.9640960095611182,0.9392245160464876,1.0335137109089705,0.9536851104679456,100.95000000000071,139.50971024845467,108.14999999999964,183.06791276477,-43.558202516315305,0.0607754839535124,-0.0463148895320545,False,False
298,2021-01-08,3040.25,0.9552010525450212,0.9397540400086348,1.0239782912589426,0.9487721674087526,72.90000000000009,155.74541803553984,136.19999999999936,183.1627798637478,-27.41736182820796,0.060245959991365,-0.0512278325912474,False,False
299,2021-01-11,3091.95,0.9304484225165348,0.9381920575473036,1.0068565144973238,0.945561045800014,21.200000000000276,168.32252443864718,215.05000000000015,191.10706766661409,-22.78454322796688,0.0618079424526962,-0.0544389541999861,False,False
300,2021-01-12,3069.9,0.9371315026548096,0.9375374179949868,1.0140884067884948,0.9471303766724845,43.25,162.30445665313982,193.0,191.7538804971896,-29.44942384404976,0.062462582005013,-0.0528696233275155,False,False
301,2021-01-13,3088.15,0.9289218464129008,0.9367365629837584,1.0080954616841795,0.9453191885125292,24.99999999999909,168.86254799503286,219.50000000000043,195.3669830217068,-26.504435026673946,0.0632634370162417,-0.0546808114874707,False,False
302,2021-01-14,3113.15,0.9214621846040184,0.9377856709908972,1.0,0.9448395984318662,0.0,171.72260414183577,244.5,193.6825383546884,-21.95993421285266,0.0622143290091028,-0.0551604015681338,False,False
303,2021-01-15,3102.8,0.9245359030553048,0.936030903854525,1.0023365992007218,0.9430871375225576,7.249999999999545,176.58922969500782,234.15000000000052,198.48331152017957,-21.894081825171725,0.0639690961454749,-0.0569128624774423,False,False
304,2021-01-20,3083.45,0.9167004491721936,0.9388161244012128,1.0086267006113283,0.9464415483806072,26.600000000000364,165.1448076458164,256.84999999999945,188.6574212150804,-23.512613569263976,0.0611838755987872,-0.0535584516193927,False,False
305,2021-01-21,3075.55,0.9190551283510264,0.9385897338375864,1.0112175058119686,0.9464626801387634,34.5,164.65670409922632,248.95000000000076,188.8703440958111,-24.21363999658479,0.0614102661624135,-0.0535373198612365,False,False
306,2021-01-22,3033.8,0.9317028149515458,0.9385431795157788,1.0251334959456786,0.9521509800032226,76.24999999999955,145.164356866223,207.20000000000027,186.4477019850301,-41.28334511880712,0.061456820484221,-0.0478490199967773,False,False
307,2021-01-25,3110.05,0.8764007009533609,0.9374880247850002,1.0,0.9520199927748688,0.0,149.2202214705194,384.4000000000001,194.4153685174101,-45.195147046890725,0.0625119752149998,-0.0479800072251312,False,False
308,2021-01-27,3059.55,0.8885620434377604,0.9402900947266984,1.0,0.939568187400288,0.0,184.89415223944843,340.9500000000003,182.68544067893023,2.208711560518168,0.0597099052733016,-0.0604318125997118,False,False
309,2021-01-28,3054.55,0.8900165327134929,0.9382738447370595,1.0,0.9479400285002996,0.0,159.0197859444097,335.9500000000003,188.54562755841425,-29.52584161400455,0.0617261552629403,-0.0520599714997003,False,False
310,2021-01-29,3003.75,0.9050686641697876,0.9422945440554346,1.0,0.954279508068122,0.0,137.33292764037833,285.15000000000055,173.33276329348837,-35.99983565311004,0.0577054559445654,-0.0457204919318779,False,False
311,2021-02-01,2925.85,0.9291658834184938,0.9439227573855964,1.0171061400960406,0.9620482623355492,50.05000000000064,111.04109164553302,207.25,164.07360030335258,-53.03250865781956,0.0560772426144036,-0.0379517376644507,False,False
312,2021-02-02,2904.05,0.93614090666483,0.946221275141703,1.0247413095504554,0.9670841992012976,71.84999999999991,95.58913130947212,185.45000000000076,156.1761059247374,-60.58697461526526,0.053778724858297,-0.0329158007987024,False,False
313,2021-02-03,2941.25,0.924300892477688,0.9470997348034992,1.0117807054823629,0.9648982387135248,34.64999999999964,103.24305538384488,222.6500000000001,155.59290500920815,-52.34984962536328,0.0529002651965008,-0.0351017612864751,False,False
314,2021-02-04,2975.9,0.913538761383111,0.9475413150801182,1.0,0.95296206971643,0.0,139.98017673087634,257.3000000000002,156.11180045307628,-16.131623722199947,0.0524586849198818,-0.04703793028357,False,False
315,2021-02-05,2939.0,0.925008506294658,0.9466082527654256,1.0,0.9567612534955396,0.0,127.0786759766088,220.4000000000001,156.9183451224144,-29.8396691458056,0.0533917472345744,-0.0432387465044603,False,False
316,2021-02-08,2902.4,0.936673098125689,0.946901682204274,1.002670203969129,0.963568032448421,7.750000000000455,105.74014262170294,183.80000000000015,154.11255757031495,-48.372414948612,0.0530983177957259,-0.0364319675515789,False,False
317,2021-02-09,2876.9,0.9449754944558378,0.947151799796914,1.0115575793388718,0.961859549902712,33.250000000000455,109.72626088488778,158.30000000000018,152.0389871642583,-42.31272627937051,0.0528482002030861,-0.0381404500972879,False,False
318,2021-02-10,2884.0,0.9426490984743412,0.949353106108543,1.0090672676837726,0.9664251628912512,26.15000000000009,96.82983022163172,165.4000000000001,146.065641982962,-49.2358117613303,0.050646893891457,-0.0335748371087488,False,False
319,2021-02-11,2892.5,0.9398789974070872,0.9499560915319132,1.0061019878997408,0.9642830420943628,17.65000000000009,103.3113007420552,173.9000000000001,144.75200524394086,-41.44070450188565,0.0500439084680867,-0.0357169579056371,False,False
320,2021-02-12,2868.65,0.9476931657748418,0.94868515371022,1.014466735223886,0.9606943362176894,41.50000000000091,112.75419240912515,150.05000000000018,147.20433380917757,-34.450141400052416,0.0513148462897801,-0.0393056637823105,False,False
321,2021-02-17,2826.6,0.9294205052005944,0.9484537061443168,1.029558480152834,0.965741588423161,83.55000000000018,96.83482616309313,199.5,145.7007542124743,-48.86592804938118,0.0515462938556832,-0.0342584115768389,False,False
322,2021-02-18,2841.9,0.9244167634329146,0.9496484781613236,1.0240156233505753,0.9670639300183408,68.25,93.60101728087692,214.80000000000015,143.09398991333455,-49.49297263245762,0.0503515218386764,-0.0329360699816591,False,False
323,2021-02-19,2875.25,0.9136944613511868,0.9495790045594144,1.0121380749500044,0.9630513451444072,34.90000000000009,106.23661987354352,248.1500000000001,144.97296714054391,-38.73634726700038,0.0504209954405856,-0.0369486548555928,False,False
324,2021-02-22,2763.45,0.931552950116702,0.9460406862426806,1.0530858166422408,0.970821334958108,146.70000000000027,80.6337819100163,189.14999999999964,149.1138656026642,-68.4800836926479,0.0539593137573194,-0.0291786650418919,False,False
325,2021-02-23,2725.65,0.944471960816686,0.9532290169730266,1.0676902757140498,0.9795541333829147,184.5,55.72827634485839,151.34999999999943,127.48132988747012,-71.75305354261172,0.0467709830269733,-0.0204458666170852,False,False
326,2021-02-24,2765.4,0.9308960729008462,0.9496965931935824,1.052343241484053,0.9737773117395332,144.75,72.51622211549511,191.0999999999999,139.10904118246754,-66.59281906697242,0.0503034068064176,-0.0262226882604668,False,False
327,2021-02-25,2736.65,0.9406756435788282,0.9535834440183883,1.0633986808689455,0.9720078403795672,173.49999999999957,76.60474362525702,162.3499999999999,127.02586792707734,-50.42112430182033,0.0464165559816116,-0.0279921596204326,False,False
328,2021-02-26,2718.6,0.9469212094460384,0.953999919020284,1.0704590598101964,0.977221501387914,191.54999999999973,61.92562632681711,144.30000000000018,125.05582015145592,-63.13019382463881,0.0460000809797159,-0.022778498612086,False,False
329,2021-03-01,2817.45,0.9136985572059844,0.9521410550349336,1.0329020923175212,0.9716633720001656,92.69999999999982,79.83703255813316,243.1499999999992,134.84018449182622,-55.00315193369306,0.0478589449650663,-0.0283366279998342,False,False
330,2021-03-02,2910.15,0.8845935776506366,0.9507903284811252,1.0,0.9519396843013104,0.0,139.8627277305418,335.8499999999999,143.20752557065316,-3.3447978401113687,0.0492096715188746,-0.0480603156986896,False,False
331,2021-03-03,2840.9,0.906156499700799,0.9467502788973444,1.0,0.9631230140045932,0.0,104.76382951435107,266.5999999999999,151.27713268053412,-46.51330316618305,0.0532497211026554,-0.0368769859954067,False,False
332,2021-03-04,2827.2,0.9105475382003396,0.9465912088550624,1.0,0.9659316089364912,0.0,96.3181552147521,252.89999999999964,150.99733432496714,-54.679179110215046,0.0534087911449374,-0.0340683910635087,False,False
333,2021-03-05,2780.8,0.9257407940161104,0.9495180864023268,1.0030207134637512,0.9735696635260702,8.399999999999181,73.49747966670384,206.5,140.38010533240958,-66.88262566570575,0.0504819135976731,-0.0264303364739297,False,False
334,2021-03-08,2789.2,0.9229528180123334,0.952256013480672,1.0,0.972114807996614,0.0,77.77737753584415,214.89999999999964,133.16752719970918,-55.39014966386503,0.0477439865193278,-0.027885192003386,False,False
335,2021-03-09,2770.1,0.92931663116855,0.954806378052352,1.0020576874481066,0.9682842351566764,5.700000000000273,87.85584019249063,195.79999999999973,125.1908521571795,-37.33501196468888,0.0451936219476478,-0.0317157648433235,False,False
336,2021-03-10,2744.2,0.938087602944392,0.9556292894585922,1.0320858538007434,0.9737219594637808,88.04999999999973,72.11219883949252,169.89999999999964,121.76210386773118,-49.64990502823866,0.0443707105414078,-0.0262780405362191,False,False
337,2021-03-12,2772.45,0.9285289184656172,0.9551976726933568,1.0215693700517594,0.970549959083959,59.80000000000018,81.64876593767758,198.14999999999964,124.21221234130326,-42.56344640362568,0.0448023273066432,-0.0294500409160409,False,False
338,2021-03-15,2684.35,0.9590031106226834,0.9572315816926008,1.0550971371095423,0.9802317057043092,147.9000000000001,53.065020792637824,110.04999999999971,114.80540368346692,-61.740382890829096,0.0427684183073991,-0.0197682942956909,False,False
339,2021-03-16,2656.05,0.9692212119500764,0.9585786033928088,1.0663391125920068,0.9786582821791442,176.19999999999936,56.68466961808417,81.74999999999955,110.01730045852992,-53.33263084044575,0.0414213966071911,-0.0213417178208558,False,False
340,2021-03-17,2633.85,0.9773905119881544,0.9609102485539796,1.0753269928052092,0.9854295551017924,198.4000000000001,38.37636629514418,59.54999999999973,102.95654184610066,-64.58017555095648,0.0390897514460203,-0.0145704448982075,False,False
341,2021-03-18,2630.55,0.9786166391058904,0.9618448711759284,1.0766759803083004,0.9824582317532544,201.69999999999936,46.144498461476815,56.25,100.36897412816144,-54.22447566668461,0.0381551288240715,-0.0175417682467455,False,False
342,2021-03-19,2627.1,0.9799017928514332,0.9614646197903642,1.0780899090251608,0.9865161817592176,205.1500000000001,35.42333890035934,52.79999999999973,101.2362973487343,-65.81295844837496,0.0385353802096357,-0.0134838182407823,False,False
343,2021-03-22,2619.4,0.9827823165610444,0.9639337426595876,1.0812590669618996,0.9874578861429076,212.8499999999999,32.85281303726788,45.10000000000037,94.47195447747616,-61.619141440208296,0.0360662573404123,-0.0125421138570924,False,False
344,2021-03-23,2597.6,0.9910301817061904,0.9626878503611483,1.0903333846627656,0.9890811896706944,234.6500000000001,28.362701711404043,23.299999999999727,96.92203990188092,-68.55933819047686,0.0373121496388515,-0.0109188103293055,False,False
345,2021-03-24,2574.3,1.0,0.962680875355625,1.100201996659286,0.989532392007816,257.9499999999998,26.946763254279176,0.0,96.0706225720146,-69.12385931773542,0.037319124644375,-0.0104676079921839,False,False
346,2021-03-25,2639.8,1.0,0.9638907532220874,1.0729032502462308,0.986054855764676,192.45000000000027,36.81239175240853,0.0,95.32118964433356,-58.50879789192504,0.0361092467779126,-0.013945144235324,False,False
347,2021-03-26,2649.1,1.0,0.9622220169356968,1.0691366879317503,0.9791792872228756,183.14999999999964,55.15615021787971,0.0,100.07765493564555,-44.921504717765856,0.0377779830643031,-0.0208207127771242,False,False
348,2021-03-30,2741.0,0.9873221452024808,0.9593521496904563,1.0332907697920466,0.9738318760052362,91.24999999999956,71.72682786964742,34.75,111.41575769845896,-39.68892982881152,0.0406478503095436,-0.0261681239947637,False,False
349,2021-03-31,2772.2,0.9762102301421256,0.955757715638004,1.0216614962845394,0.9656372563617556,60.05000000000018,95.26039791394078,65.94999999999936,122.64846070832527,-27.388062794384496,0.044242284361996,-0.0343627436382443,False,False
350,2021-04-01,2775.8,0.9749441602420924,0.9535653862820916,1.0203364795734562,0.968998562186126,56.44999999999982,86.05379108375155,69.54999999999973,128.89320075817022,-42.83940967441868,0.0464346137179083,-0.0310014378138741,False,False
351,2021-04-05,2706.9,0.9997598729173592,0.9563249521770224,1.0713731574864236,0.977863115825063,193.19999999999985,59.9223317731371,0.650000000000091,118.22398695201856,-58.30165517888145,0.0436750478229777,-0.0221368841749369,False,False
352,2021-04-06,2719.5,0.9951277808420664,0.9599504350286095,1.0664092664092664,0.9773153994313336,180.5999999999999,61.69077124648811,13.250000000000457,108.914791939696,-47.22402069320788,0.0400495649713903,-0.0226846005686662,False,False
353,2021-04-07,2730.4,0.991155142103721,0.95965221319984,1.0651186639320245,0.9727022123970664,177.79999999999973,74.53387927104995,24.15000000000009,110.16559707915712,-35.63171780810717,0.04034778680016,-0.0272977876029336,False,False
354,2021-04-08,2706.25,1.0,0.9591947908794642,1.0746235565819862,0.9737984673689266,201.95000000000027,70.9078976828423,0.0,110.42909718244982,-39.52119949960752,0.0408052091205357,-0.0262015326310733,False,False
355,2021-04-09,2832.25,0.9670579927619384,0.9565497873449438,1.0268161355812515,0.9673442765182528,75.94999999999936,92.48917283117817,93.30000000000018,123.0618647922829,-30.572691961104734,0.0434502126550562,-0.032655723481747,False,False
356,2021-04-12,2744.7,0.9979050533755968,0.9560638290719814,1.0595693518417313,0.9668202944213636,163.5,91.0683379016832,5.749999999999545,120.59160834613247,-29.52327044444928,0.0439361709280186,-0.0331797055786363,False,False
357,2021-04-13,2754.6,0.9943185943512668,0.9565463104086916,1.0557612720540186,0.9786882228424816,153.59999999999943,58.70542135810001,15.650000000000546,119.69753334821826,-60.99211199011825,0.0434536895913084,-0.0213117771575184,False,False
358,2021-04-15,2747.45,0.9969062221332508,0.948491124567914,1.058508799068227,0.9631674091334907,160.75,101.19570177619062,8.5,141.5180598058846,-40.32235802969399,0.051508875432086,-0.0368325908665092,False,False
359,2021-04-16,2790.45,0.9815441953806734,0.9533797556680076,1.0421974950276838,0.9699091837789622,117.75,83.96691812399513,51.5,130.09146079620814,-46.12454267221301,0.0466202443319924,-0.0300908162210378,False,False
