Company,Y-Column,Model,Method,RMSE,MAE,MSE,r2_score
500002-ABB India Limited,LowerBandInNext12Months,Linear Regression,LinearFIBackwardElimination,0.062274561553184934,0.043117018524880216,0.003878121016641419,0.8700148106089328
500002-ABB India Limited,LowerBandInNext12Months,Elastic Net Regression,ElasticFIFValue1000,0.06660881220585531,0.038268188379793774,0.004436733863474898,0.8512914658808158
500002-ABB India Limited,LowerBandInNext12Months,Ridge Regression,RidgeFIFValue1000,0.06838670876809191,0.04111649781551911,0.004676741936131819,0.8432469787062735
500002-ABB India Limited,LowerBandInNext12Months,Lasso Regression,LassoFIFValue1000,0.0691232434801584,0.0418728312706195,0.00477802278921726,0.8398522907082695
500002-ABB India Limited,LowerBandInNext1Months,Elastic Net Regression,ElasticFIForwardSelection,0.02167861843571083,0.013319160029549783,0.0004699624972811414,0.8432418561927333
500002-ABB India Limited,LowerBandInNext1Months,Linear Regression,LinearFIForwardSelection,0.021703726318229945,0.013329710389066753,0.0004710517360966271,0.8428785355961619
500002-ABB India Limited,LowerBandInNext1Months,Ridge Regression,RidgeFIForwardSelection,0.021820450924910705,0.013690085330597936,0.00047613207856643644,0.8411839640929466
500002-ABB India Limited,LowerBandInNext1Months,Lasso Regression,LassoFIForwardSelection,0.021838554330576267,0.013348126427351658,0.0004769224552495315,0.8409203303296839
500002-ABB India Limited,LowerBandInNext24Months,Linear Regression,LinearFIPValue0.02,0.1060731805482826,0.080263256619713,0.01125151963162856,0.4794161814271294
500002-ABB India Limited,LowerBandInNext24Months,Ridge Regression,RidgeFIPValue0.05,0.11003279172724828,0.08091141611555347,0.012107215255291997,0.4398249697608765
500002-ABB India Limited,LowerBandInNext24Months,Elastic Net Regression,ElasticFIPValue0.2,0.1100607898831743,0.07554016622817616,0.012113377469708243,0.4395398572412613
500002-ABB India Limited,LowerBandInNext24Months,Lasso Regression,LassoFIPValue0.1,0.11308050592283955,0.06947926113973768,0.012787200819765351,0.4083634878173277
500002-ABB India Limited,LowerBandInNext3Months,Ridge Regression,RidgeFIFValue1000,0.03272876407563359,0.02184442686254453,0.0010711719979184836,0.8770248843802135
500002-ABB India Limited,LowerBandInNext3Months,Lasso Regression,LassoFICoefficients0.1,0.033299289778720965,0.02225197690776263,0.0011088426997672308,0.8727001270822909
500002-ABB India Limited,LowerBandInNext3Months,Elastic Net Regression,ElasticFICoefficients0.1,0.0332992897787215,0.022251976907764287,0.0011088426997672663,0.872700127082287
500002-ABB India Limited,LowerBandInNext3Months,Linear Regression,LinearFICoefficients0.1,0.033897739547943756,0.022632141903617172,0.0011490567464602303,0.868083382944822
500002-ABB India Limited,LowerBandInNext6Months,Lasso Regression,LassoFIForwardSelection,0.03870354462666139,0.027139363942700372,0.00149796436666797,0.9131373557632334
500002-ABB India Limited,LowerBandInNext6Months,Linear Regression,LinearFICoefficients0.1,0.03992531830097538,0.025993736813412115,0.0015940310414341995,0.9075667256608702
500002-ABB India Limited,LowerBandInNext6Months,Elastic Net Regression,ElasticFICoefficients0.1,0.04007186661718732,0.026649504648764397,0.0016057544941856514,0.9068869163621743
500002-ABB India Limited,LowerBandInNext6Months,Ridge Regression,RidgeFICoefficients0.1,0.04068320156991532,0.02914909931095812,0.00165512288997836,0.9040241851145542
500002-ABB India Limited,LowerBandInNext9Months,Linear Regression,LinearFIPValue0.02,0.03070645773056506,0.024022665767225972,0.0009428865463589788,0.9612294710648013
500002-ABB India Limited,LowerBandInNext9Months,Lasso Regression,LassoFIBackwardElimination,0.0310392914178666,0.02460462676349546,0.0009634376117232471,0.9603844323086208
500002-ABB India Limited,LowerBandInNext9Months,Elastic Net Regression,ElasticFIFValue10,0.03113967998671226,0.024403543535509935,0.000969679669674848,0.9601277652797378
500002-ABB India Limited,LowerBandInNext9Months,Ridge Regression,RidgeFIFValue10,0.03233646845856755,0.025522185835079095,0.0010456471923719342,0.9570040585641884
500002-ABB India Limited,UpperBandInNext12Months,Linear Regression,LinearFICoefficients0.1,0.06671683841265794,0.050892178432037014,0.004451136527780709,0.8380229883046095
500002-ABB India Limited,UpperBandInNext12Months,Lasso Regression,LassoFICoefficients0.1,0.06791023956400861,0.04548978511150194,0.004611800637641041,0.8321764158080225
500002-ABB India Limited,UpperBandInNext12Months,Ridge Regression,RidgeFICoefficients0.1,0.069694879890456,0.04967073050312146,0.004857376282945088,0.8232399096093799
500002-ABB India Limited,UpperBandInNext12Months,Elastic Net Regression,ElasticFIFValue1000,0.06994311393968797,0.04537160000551573,0.0048920391875801736,0.8219785253147326
500002-ABB India Limited,UpperBandInNext1Months,Lasso Regression,LassoFIFValue1000,0.028095909204339364,0.018635735798153592,0.0007893801140184814,0.8176492320746243
500002-ABB India Limited,UpperBandInNext1Months,Ridge Regression,RidgeFIFValue1000,0.028265082327488845,0.01931049849382964,0.0007989148789797222,0.815446653517357
500002-ABB India Limited,UpperBandInNext1Months,Elastic Net Regression,ElasticFIFValue1000,0.028414896000221034,0.01952265857368057,0.0008074063147033774,0.8134850892500296
500002-ABB India Limited,UpperBandInNext1Months,Linear Regression,LinearFIFValue1000,0.028471392270541858,0.019655113151411576,0.0008106201778230706,0.8127426707402705
500002-ABB India Limited,UpperBandInNext24Months,Lasso Regression,LassoFIPValue0.2,0.09312187924958959,0.07212806805522187,0.008671684394975144,0.5407862530331096
500002-ABB India Limited,UpperBandInNext24Months,Elastic Net Regression,ElasticFIFValue1000,0.10590190091333263,0.07943055959507402,0.01121521261705732,0.4060923375055555
500002-ABB India Limited,UpperBandInNext24Months,Ridge Regression,RidgeFIFValue1000,0.10590190091333286,0.07943055959507427,0.011215212617057371,0.40609233750555285
500002-ABB India Limited,UpperBandInNext24Months,Linear Regression,LinearFIFValue1000,0.1059019009133332,0.07943055959507467,0.011215212617057442,0.4060923375055491
500002-ABB India Limited,UpperBandInNext3Months,Linear Regression,LinearFIFValue1000,0.0481604201696085,0.03383251970098211,0.0023194260709132335,0.8550252603383275
500002-ABB India Limited,UpperBandInNext3Months,Elastic Net Regression,ElasticFICoefficients0.1,0.04866081313760462,0.036132877159535885,0.0023678747352128744,0.8519969971908711
500002-ABB India Limited,UpperBandInNext3Months,Ridge Regression,RidgeFIForwardSelection,0.048878103262570485,0.03626917617776794,0.0023890689785465036,0.8506722600293157
500002-ABB India Limited,UpperBandInNext3Months,Lasso Regression,LassoFIPValue0.02,0.05475906919806713,0.04549649965809478,0.0029985556594387046,0.812576554372781
500002-ABB India Limited,UpperBandInNext6Months,Linear Regression,LinearFIPValue0.2,0.05168589026767657,0.03335655217632976,0.0026714312527623034,0.9175384558553334
500002-ABB India Limited,UpperBandInNext6Months,Elastic Net Regression,ElasticFICoefficients0.1,0.05341147714164269,0.03435574918088005,0.0028527858904522194,0.9119404141890006
500002-ABB India Limited,UpperBandInNext6Months,Ridge Regression,RidgeFICoefficients0.1,0.05586669316560897,0.03760991551617173,0.0031210874052603004,0.9036585026913528
500002-ABB India Limited,UpperBandInNext6Months,Lasso Regression,LassoFICoefficients0.1,0.06223735162681629,0.03968472072281507,0.003873487937519972,0.8804334581983505
500002-ABB India Limited,UpperBandInNext9Months,Elastic Net Regression,ElasticFIFValue1000,0.03458369938635806,0.019812718050060164,0.0011960322632459828,0.9708153096979536
500002-ABB India Limited,UpperBandInNext9Months,Linear Regression,LinearFIFValue1000,0.034759573828223596,0.020741877765240082,0.001208227972719727,0.9705177190601902
500002-ABB India Limited,UpperBandInNext9Months,Ridge Regression,RidgeFIFValue1000,0.034875175950779554,0.020217463354034675,0.0012162778975978326,0.970321290776655
500002-ABB India Limited,UpperBandInNext9Months,Lasso Regression,LassoFIFValue1000,0.03697183302647953,0.022584727173823937,0.0013669164373378826,0.9666455210963836
500003-AEGIS LOGISTICS LTD.,LowerBandInNext12Months,Ridge Regression,RidgeFICoefficients0.1,0.057081511193022245,0.04118982216077906,0.0032582989200791238,0.837520040177324
500003-AEGIS LOGISTICS LTD.,LowerBandInNext12Months,Linear Regression,LinearFICoefficients0.1,0.05708151119302233,0.04118982216077917,0.0032582989200791337,0.8375200401773235
500003-AEGIS LOGISTICS LTD.,LowerBandInNext12Months,Elastic Net Regression,ElasticFIPValue0.02,0.05765523193079253,0.04418910486118167,0.003324125768993478,0.8342374856821096
500003-AEGIS LOGISTICS LTD.,LowerBandInNext12Months,Lasso Regression,LassoFICoefficients0.1,0.060312348305892584,0.0398425363298205,0.003637579358171304,0.8186066525924771
500003-AEGIS LOGISTICS LTD.,LowerBandInNext1Months,Linear Regression,LinearFIBackwardElimination,0.030311399881151776,0.02064028736004764,0.0009187809627550879,0.8506522480429556
500003-AEGIS LOGISTICS LTD.,LowerBandInNext1Months,Lasso Regression,LassoFIForwardSelection,0.03150153990803363,0.021324312450171225,0.0009923470165774354,0.8386940934837092
500003-AEGIS LOGISTICS LTD.,LowerBandInNext1Months,Elastic Net Regression,ElasticFIForwardSelection,0.03153818612036511,0.021306427701755316,0.0009946571837627903,0.8383185760429221
500003-AEGIS LOGISTICS LTD.,LowerBandInNext1Months,Ridge Regression,RidgeFIBackwardElimination,0.03182882075926836,0.021907720833128853,0.0010130738309256323,0.835324951921555
500003-AEGIS LOGISTICS LTD.,LowerBandInNext24Months,Lasso Regression,LassoFIBackwardElimination,0.1213203747738456,0.10148771697666423,0.01471863333526635,0.5390028567623116
500003-AEGIS LOGISTICS LTD.,LowerBandInNext24Months,Elastic Net Regression,ElasticFIPValue0.02,0.12225920329631806,0.09330174706316034,0.01494731279065043,0.5318404678877535
500003-AEGIS LOGISTICS LTD.,LowerBandInNext24Months,Ridge Regression,RidgeFIAllFeatureConsideration,0.12226090268947565,0.0976894143033604,0.014947728326445434,0.5318274530371185
500003-AEGIS LOGISTICS LTD.,LowerBandInNext24Months,Linear Regression,LinearFIFValue1000,0.19469318854792556,0.15671901987763345,0.037905437666958086,-0.18722289492550415
500003-AEGIS LOGISTICS LTD.,LowerBandInNext3Months,Lasso Regression,LassoFIForwardSelection,0.05013353553296629,0.033498594192516946,0.0025133713850351933,0.806521201830865
500003-AEGIS LOGISTICS LTD.,LowerBandInNext3Months,Elastic Net Regression,ElasticFIFValue1000,0.05020924137208361,0.03129663768164315,0.0025209679191601523,0.8059364222389992
500003-AEGIS LOGISTICS LTD.,LowerBandInNext3Months,Linear Regression,LinearFIFValue1000,0.051112307222075264,0.032512548868439003,0.002612467949563807,0.7988927692315904
500003-AEGIS LOGISTICS LTD.,LowerBandInNext3Months,Ridge Regression,RidgeFIFValue1000,0.05116294484751991,0.034814530815699074,0.002617646925470364,0.7984940927605708
500003-AEGIS LOGISTICS LTD.,LowerBandInNext6Months,Lasso Regression,LassoFICoefficients0.1,0.051932972760680325,0.03983517113115714,0.0026970336597615645,0.8422320496949154
500003-AEGIS LOGISTICS LTD.,LowerBandInNext6Months,Elastic Net Regression,ElasticFIFValue1000,0.052352374541139585,0.03740601719200826,0.00274077112009576,0.8396735464135414
500003-AEGIS LOGISTICS LTD.,LowerBandInNext6Months,Linear Regression,LinearFIFValue1000,0.054077878851305314,0.038633194912059986,0.0029244169810564544,0.8289308436071022
500003-AEGIS LOGISTICS LTD.,LowerBandInNext6Months,Ridge Regression,RidgeFIFValue1000,0.056258512869129015,0.04170671761729582,0.003165020270245955,0.8148563111537532
500003-AEGIS LOGISTICS LTD.,LowerBandInNext9Months,Linear Regression,LinearFIFValue100,0.03882424326680241,0.027420561642854262,0.001507321865239852,0.9242593477875471
500003-AEGIS LOGISTICS LTD.,LowerBandInNext9Months,Elastic Net Regression,ElasticFIFValue10,0.038958635729045205,0.027987340388309367,0.0015177752978684375,0.9237340785511574
500003-AEGIS LOGISTICS LTD.,LowerBandInNext9Months,Ridge Regression,RidgeFIForwardSelection,0.03939186803640259,0.028705874581571394,0.001551719267397356,0.9220284452354814
500003-AEGIS LOGISTICS LTD.,LowerBandInNext9Months,Lasso Regression,LassoFIFValue100,0.041680640059973816,0.027179747906262302,0.001737275755809094,0.9127045113241791
500003-AEGIS LOGISTICS LTD.,UpperBandInNext12Months,Elastic Net Regression,ElasticFICoefficients0.1,0.1019848708425111,0.07024766447720603,0.010400913880763668,0.8592418012343346
500003-AEGIS LOGISTICS LTD.,UpperBandInNext12Months,Lasso Regression,LassoFICoefficients0.1,0.1194490111252219,0.10841363860400213,0.014268066258793384,0.8069066497924446
500003-AEGIS LOGISTICS LTD.,UpperBandInNext12Months,Ridge Regression,RidgeFIFValue1000,0.18132490221083133,0.1519862796597537,0.032878720161767544,0.555043962410833
500003-AEGIS LOGISTICS LTD.,UpperBandInNext12Months,Linear Regression,LinearFIFValue1000,0.2945263709445537,0.24040844558427168,0.08674578318176883,-0.17395262869787587
500003-AEGIS LOGISTICS LTD.,UpperBandInNext1Months,Ridge Regression,RidgeFIFValue1000,0.03449828928766436,0.025095125883933735,0.0011901319637753775,0.8317153505959248
500003-AEGIS LOGISTICS LTD.,UpperBandInNext1Months,Elastic Net Regression,ElasticFIFValue1000,0.03458343905391873,0.025220784835282044,0.0011960142567961115,0.8308835944135717
500003-AEGIS LOGISTICS LTD.,UpperBandInNext1Months,Linear Regression,LinearFIFValue1000,0.03458599511073485,0.025235241599957013,0.0011961910577997753,0.8308585947531799
500003-AEGIS LOGISTICS LTD.,UpperBandInNext1Months,Lasso Regression,LassoFIFValue1000,0.03460067026859619,0.02513858086379132,0.0011972063830361162,0.830715027773526
500003-AEGIS LOGISTICS LTD.,UpperBandInNext24Months,Elastic Net Regression,ElasticFIFValue1000,0.5612227358742077,0.43907310370982067,0.31497095926213065,-1.9816639654329378
500003-AEGIS LOGISTICS LTD.,UpperBandInNext24Months,Lasso Regression,LassoFIFValue1000,0.7622085521841286,0.579960253565451,0.5809618770226255,-4.499659708522571
500003-AEGIS LOGISTICS LTD.,UpperBandInNext24Months,Linear Regression,LinearFIPValue0.02,0.9322807325131867,0.7948110233847197,0.8691473642153239,-7.227759735700269
500003-AEGIS LOGISTICS LTD.,UpperBandInNext24Months,Ridge Regression,RidgeFIAllFeatureConsideration,0.938829813076503,0.7228070507952676,0.8814014179212617,-7.343762399727041
500003-AEGIS LOGISTICS LTD.,UpperBandInNext3Months,Lasso Regression,LassoFIFValue100,0.06309810541808339,0.048105827401667973,0.003981370907351565,0.7749608443785776
500003-AEGIS LOGISTICS LTD.,UpperBandInNext3Months,Ridge Regression,RidgeFIFValue1000,0.0641456644518558,0.049064359462707915,0.004114666267970076,0.7674265864307802
500003-AEGIS LOGISTICS LTD.,UpperBandInNext3Months,Elastic Net Regression,ElasticFIFValue1000,0.06525222735156479,0.049693193181838485,0.004257853174340299,0.7593332283248826
500003-AEGIS LOGISTICS LTD.,UpperBandInNext3Months,Linear Regression,LinearFIFValue100,0.06700053467216942,0.051670672508047036,0.004489071646356577,0.7462640592076473
500003-AEGIS LOGISTICS LTD.,UpperBandInNext6Months,Lasso Regression,LassoFIFValue1000,0.07531025212743088,0.05954202485645135,0.0056716340754972075,0.8753102453378081
500003-AEGIS LOGISTICS LTD.,UpperBandInNext6Months,Ridge Regression,RidgeFICoefficients0.1,0.0912190577850984,0.07954729124893245,0.00832091650320112,0.8170662945567807
500003-AEGIS LOGISTICS LTD.,UpperBandInNext6Months,Elastic Net Regression,ElasticFIFValue1000,0.09170526683837597,0.07718706649578422,0.00840985596589774,0.8151109780402693
500003-AEGIS LOGISTICS LTD.,UpperBandInNext6Months,Linear Regression,LinearFIFValue1000,0.10462747427137557,0.09002074829475092,0.010946908372407357,0.7593343821030437
500003-AEGIS LOGISTICS LTD.,UpperBandInNext9Months,Elastic Net Regression,ElasticFIFValue1000,0.08774989516635809,0.06834291637260706,0.007700044101706834,0.8783222458003106
500003-AEGIS LOGISTICS LTD.,UpperBandInNext9Months,Ridge Regression,RidgeFIFValue1000,0.09283922199068527,0.0744685363278874,0.008619121139835739,0.863798792627979
500003-AEGIS LOGISTICS LTD.,UpperBandInNext9Months,Lasso Regression,LassoFICoefficients0.1,0.10531880848355972,0.07883998969358792,0.01109205142039673,0.8247210160780538
500003-AEGIS LOGISTICS LTD.,UpperBandInNext9Months,Linear Regression,LinearFIFValue1000,0.11078473718225053,0.08815109015295566,0.012273257992540322,0.8060553355902647
500008-AMARA RAJA BATTERIES LTD.,LowerBandInNext12Months,Ridge Regression,RidgeFICoefficients0.1,0.06955791649911913,0.04048825027848796,0.0048383037476984305,0.6968969942962511
500008-AMARA RAJA BATTERIES LTD.,LowerBandInNext12Months,Elastic Net Regression,ElasticFIPValue0.02,0.07110067132244531,0.03621039193560723,0.005055305462502398,0.6833025869523057
500008-AMARA RAJA BATTERIES LTD.,LowerBandInNext12Months,Lasso Regression,LassoFIPValue0.1,0.07296816270914237,0.05196178677275813,0.005324352769147875,0.6664477031803774
500008-AMARA RAJA BATTERIES LTD.,LowerBandInNext12Months,Linear Regression,LinearFIPValue0.02,0.07322692308080793,0.039734808620264336,0.005362182263882562,0.6640778160967498
500008-AMARA RAJA BATTERIES LTD.,LowerBandInNext1Months,Linear Regression,LinearFICoefficients0.1,0.0359403288386406,0.02366672358775955,0.0012917072370296212,0.6843971607170218
500008-AMARA RAJA BATTERIES LTD.,LowerBandInNext1Months,Lasso Regression,LassoFIBackwardElimination,0.035956253655350566,0.02528174366849207,0.001292852176927911,0.684117417542756
500008-AMARA RAJA BATTERIES LTD.,LowerBandInNext1Months,Elastic Net Regression,ElasticFICoefficients0.1,0.03599067982051343,0.023680242127556112,0.001295329033942713,0.6835122470490403
500008-AMARA RAJA BATTERIES LTD.,LowerBandInNext1Months,Ridge Regression,RidgeFIBackwardElimination,0.03610740968572122,0.024290419832695337,0.0013037450342125146,0.6814559656375777
500008-AMARA RAJA BATTERIES LTD.,LowerBandInNext24Months,Ridge Regression,RidgeFIFValue1,0.097493875740666,0.07844520626783648,0.00950505580693642,0.36957036023685463
500008-AMARA RAJA BATTERIES LTD.,LowerBandInNext24Months,Linear Regression,LinearFIBackwardElimination,0.09765343580545556,0.08074379156553241,0.00953619352461023,0.36750512879215136
500008-AMARA RAJA BATTERIES LTD.,LowerBandInNext24Months,Elastic Net Regression,ElasticFIFValue1000,0.09782095453222335,0.07754698369769954,0.009568939145595309,0.36533325200775846
500008-AMARA RAJA BATTERIES LTD.,LowerBandInNext24Months,Lasso Regression,LassoFIFValue1000,0.10392677814669249,0.07536286077612674,0.010800775215951838,0.2836308416425932
500008-AMARA RAJA BATTERIES LTD.,LowerBandInNext3Months,Ridge Regression,RidgeFICoefficients0.1,0.057376155611580736,0.03742560293400203,0.0032920232327643276,0.7086981293763217
500008-AMARA RAJA BATTERIES LTD.,LowerBandInNext3Months,Lasso Regression,LassoFIForwardSelection,0.062413824279556024,0.03960561767472555,0.0038954854611992972,0.6552994551980024
500008-AMARA RAJA BATTERIES LTD.,LowerBandInNext3Months,Elastic Net Regression,ElasticFICoefficients0.1,0.06255737782023722,0.0389253753724939,0.0039134255197439075,0.6537119899088358
500008-AMARA RAJA BATTERIES LTD.,LowerBandInNext3Months,Linear Regression,LinearFICoefficients0.1,0.06395897843384946,0.04010712270023304,0.00409075092230162,0.6380209641104597
500008-AMARA RAJA BATTERIES LTD.,LowerBandInNext6Months,Ridge Regression,RidgeFICoefficients0.1,0.06028273164965852,0.03450808518440856,0.003634007735144741,0.7960180117319304
500008-AMARA RAJA BATTERIES LTD.,LowerBandInNext6Months,Lasso Regression,LassoFICoefficients0.1,0.06059833689503289,0.03527787295863143,0.0036721584344439045,0.7938765590812935
500008-AMARA RAJA BATTERIES LTD.,LowerBandInNext6Months,Elastic Net Regression,ElasticFIPValue0.1,0.06233075992523573,0.04095013088242865,0.003885123632857372,0.7819225216189729
500008-AMARA RAJA BATTERIES LTD.,LowerBandInNext6Months,Linear Regression,LinearFIPValue0.02,0.062379787469643226,0.0412117361943766,0.003891237884757858,0.7815793200216369
500008-AMARA RAJA BATTERIES LTD.,LowerBandInNext9Months,Elastic Net Regression,ElasticFIForwardSelection,0.04947064155270361,0.03428557642143354,0.002447344375636085,0.8657713347082663
500008-AMARA RAJA BATTERIES LTD.,LowerBandInNext9Months,Lasso Regression,LassoFIFValue1000,0.0508697587368408,0.03717908193966332,0.002587732353944391,0.8580715229699076
500008-AMARA RAJA BATTERIES LTD.,LowerBandInNext9Months,Linear Regression,LinearFIFValue1000,0.050872528346455295,0.03718386329332199,0.0025880141403608974,0.8580560679260807
500008-AMARA RAJA BATTERIES LTD.,LowerBandInNext9Months,Ridge Regression,RidgeFIForwardSelection,0.05611354170066077,0.04064985249875521,0.003148729562191795,0.8273026997323254
500008-AMARA RAJA BATTERIES LTD.,UpperBandInNext12Months,Lasso Regression,LassoFIFValue1000,0.09043696067737277,0.07374899001274961,0.008178843856560668,0.8167617853906448
500008-AMARA RAJA BATTERIES LTD.,UpperBandInNext12Months,Ridge Regression,RidgeFIFValue1000,0.11313420842890709,0.08688744013202768,0.012799349116835392,0.7132443262809773
500008-AMARA RAJA BATTERIES LTD.,UpperBandInNext12Months,Elastic Net Regression,ElasticFIFValue1000,0.13068296727891998,0.10128867227331308,0.01707803793682327,0.6173848974920679
500008-AMARA RAJA BATTERIES LTD.,UpperBandInNext12Months,Linear Regression,LinearFIForwardSelection,0.13116824289747758,0.09420807812899837,0.017205107944811678,0.6145380304039383
500008-AMARA RAJA BATTERIES LTD.,UpperBandInNext1Months,Lasso Regression,LassoFIForwardSelection,0.024034464931451394,0.01664064034540409,0.0005776555045411668,0.8337296897521863
500008-AMARA RAJA BATTERIES LTD.,UpperBandInNext1Months,Elastic Net Regression,ElasticFIForwardSelection,0.02411492157594176,0.016932542677340894,0.0005815294426138214,0.8326146291664956
500008-AMARA RAJA BATTERIES LTD.,UpperBandInNext1Months,Linear Regression,LinearFIForwardSelection,0.02418049207812716,0.01706240245313993,0.0005846961971403703,0.8317031217828238
500008-AMARA RAJA BATTERIES LTD.,UpperBandInNext1Months,Ridge Regression,RidgeFIForwardSelection,0.024195311367425726,0.016500293542105762,0.0005854130921666806,0.8314967732628104
500008-AMARA RAJA BATTERIES LTD.,UpperBandInNext24Months,Linear Regression,LinearFIFValue1000,0.1848843625278168,0.15558928509615347,0.034182227507317184,-1.3978532503050012
500008-AMARA RAJA BATTERIES LTD.,UpperBandInNext24Months,Ridge Regression,RidgeFIFValue1000,0.18504621127835927,0.1490404109903107,0.034242100308475173,-1.402053274742578
500008-AMARA RAJA BATTERIES LTD.,UpperBandInNext24Months,Elastic Net Regression,ElasticFIFValue1000,0.47262899400945324,0.42227673954808403,0.2233781659783878,-14.669782234753091
500008-AMARA RAJA BATTERIES LTD.,UpperBandInNext24Months,Lasso Regression,LassoFIFValue1,0.5194465868818207,0.4453703976018899,0.26982475662317285,-17.9279697919959
500008-AMARA RAJA BATTERIES LTD.,UpperBandInNext3Months,Ridge Regression,RidgeFIFValue1000,0.032198480591756666,0.022477933363887398,0.0010367421524177306,0.9059666761397458
500008-AMARA RAJA BATTERIES LTD.,UpperBandInNext3Months,Elastic Net Regression,ElasticFIFValue1000,0.032398338961812094,0.023231087773103162,0.0010496523674844713,0.9047957095386047
500008-AMARA RAJA BATTERIES LTD.,UpperBandInNext3Months,Linear Regression,LinearFIFValue1000,0.03306844114175765,0.02380664869933439,0.0010935217995458899,0.9008167177488171
500008-AMARA RAJA BATTERIES LTD.,UpperBandInNext3Months,Lasso Regression,LassoFIFValue1000,0.035002496500667175,0.02354861524004556,0.0012251747612792177,0.8888756911792295
500008-AMARA RAJA BATTERIES LTD.,UpperBandInNext6Months,Lasso Regression,LassoFIFValue100,0.035287269309895966,0.025358415603127973,0.0012451913753491258,0.9483051365733444
500008-AMARA RAJA BATTERIES LTD.,UpperBandInNext6Months,Elastic Net Regression,ElasticFIFValue100,0.0430645290028591,0.032785848923387664,0.0018545536582380924,0.9230070975610937
500008-AMARA RAJA BATTERIES LTD.,UpperBandInNext6Months,Ridge Regression,RidgeFIPValue0.02,0.04506161241013261,0.033318549042967945,0.0020305489130010173,0.91570054947634
500008-AMARA RAJA BATTERIES LTD.,UpperBandInNext6Months,Linear Regression,LinearFIFValue1000,0.05699566253267885,0.0450206133608968,0.0032485055475390116,0.8651363525757813
500008-AMARA RAJA BATTERIES LTD.,UpperBandInNext9Months,Elastic Net Regression,ElasticFIFValue1000,0.03628951274044773,0.023536490380818727,0.001316928734939118,0.9737883791830898
500008-AMARA RAJA BATTERIES LTD.,UpperBandInNext9Months,Linear Regression,LinearFIFValue1000,0.03702458688346313,0.02279670503327917,0.00137082003389111,0.9727157484051414
500008-AMARA RAJA BATTERIES LTD.,UpperBandInNext9Months,Ridge Regression,RidgeFIFValue1000,0.04712768807451699,0.034149109201673945,0.002221018983248971,0.9557937298567847
500008-AMARA RAJA BATTERIES LTD.,UpperBandInNext9Months,Lasso Regression,LassoFIFValue1000,0.0485656306738068,0.028568221344445182,0.002358620482744604,0.953054964855363
500009-AMBALAL SARABHAI ENTERPRISES LTD.,LowerBandInNext12Months,Ridge Regression,RidgeFIFValue10,0.008255337063886167,0.006238393987704656,6.815059003837268e-05,0.9874104481535765
500009-AMBALAL SARABHAI ENTERPRISES LTD.,LowerBandInNext12Months,Linear Regression,LinearFIAllFeatureConsideration,0.008768409364361343,0.005213984362566158,7.68850027810197e-05,0.985796928123747
500009-AMBALAL SARABHAI ENTERPRISES LTD.,LowerBandInNext12Months,Elastic Net Regression,ElasticFIAllFeatureConsideration,0.012017460384979545,0.010843255245733903,0.00014441935410455271,0.973321214899203
500009-AMBALAL SARABHAI ENTERPRISES LTD.,LowerBandInNext12Months,Lasso Regression,LassoFIFValue1000,0.015708016582956986,0.011487708406972323,0.00024674178497045173,0.9544190520901504
500009-AMBALAL SARABHAI ENTERPRISES LTD.,LowerBandInNext1Months,Linear Regression,LinearFIForwardSelection,0.02394487462471406,0.017850843119205265,0.0005733570207932753,0.8656737395381635
500009-AMBALAL SARABHAI ENTERPRISES LTD.,LowerBandInNext1Months,Lasso Regression,LassoFICoefficients0.1,0.02396069684014714,0.016577116918250645,0.0005741149930654371,0.8654961615594159
500009-AMBALAL SARABHAI ENTERPRISES LTD.,LowerBandInNext1Months,Ridge Regression,RidgeFIForwardSelection,0.02413855170040506,0.017994134599395785,0.000582669678193128,0.8634919672773935
500009-AMBALAL SARABHAI ENTERPRISES LTD.,LowerBandInNext1Months,Elastic Net Regression,ElasticFIForwardSelection,0.02431194656973426,0.01799721382221617,0.0005910707460096134,0.8615237625066323
500009-AMBALAL SARABHAI ENTERPRISES LTD.,LowerBandInNext24Months,Elastic Net Regression,ElasticFIPValue0.05,0.0017973170664068196,0.0014279340694474522,3.230348637197216e-06,0.9992025823782382
500009-AMBALAL SARABHAI ENTERPRISES LTD.,LowerBandInNext24Months,Lasso Regression,LassoFIPValue0.02,0.001874115319453345,0.0015584239098124684,3.512308230609713e-06,0.9991329801236014
500009-AMBALAL SARABHAI ENTERPRISES LTD.,LowerBandInNext24Months,Ridge Regression,RidgeFIForwardSelection,0.0025965457755842978,0.002188313095844476,6.742049964704663e-06,0.9983357123170091
500009-AMBALAL SARABHAI ENTERPRISES LTD.,LowerBandInNext24Months,Linear Regression,LinearFIForwardSelection,0.004768066842041133,0.003522334466611151,2.27344614101721e-05,0.9943879555472802
500009-AMBALAL SARABHAI ENTERPRISES LTD.,LowerBandInNext3Months,Linear Regression,LinearFIFValue1000,0.014124593842877812,0.009677016689889326,0.00019950415122626183,0.9678218670978405
500009-AMBALAL SARABHAI ENTERPRISES LTD.,LowerBandInNext3Months,Elastic Net Regression,ElasticFIFValue1000,0.015487452935133891,0.011262528017761647,0.00023986119841798738,0.9613126570383401
500009-AMBALAL SARABHAI ENTERPRISES LTD.,LowerBandInNext3Months,Ridge Regression,RidgeFIFValue1000,0.015651594134194174,0.011411657517634488,0.00024497239894154146,0.9604882687299987
500009-AMBALAL SARABHAI ENTERPRISES LTD.,LowerBandInNext3Months,Lasso Regression,LassoFIFValue1000,0.018564806321087257,0.014500702225374858,0.0003446520337394814,0.9444108862973437
500009-AMBALAL SARABHAI ENTERPRISES LTD.,LowerBandInNext6Months,Elastic Net Regression,ElasticFIFValue1000,0.010573463852139043,0.007214212837370405,0.000111798137832491,0.9776644640839368
500009-AMBALAL SARABHAI ENTERPRISES LTD.,LowerBandInNext6Months,Linear Regression,LinearFIFValue1000,0.016449490040876882,0.013329724124329593,0.0002705857226049077,0.9459411646491718
500009-AMBALAL SARABHAI ENTERPRISES LTD.,LowerBandInNext6Months,Ridge Regression,RidgeFIFValue1000,0.01836942579360169,0.013114887252761592,0.0003374358039866391,0.9325855540581386
500009-AMBALAL SARABHAI ENTERPRISES LTD.,LowerBandInNext6Months,Lasso Regression,LassoFIPValue0.02,0.02202573415509665,0.016101025620556014,0.0004851329650709911,0.9030779494588304
500009-AMBALAL SARABHAI ENTERPRISES LTD.,LowerBandInNext9Months,Lasso Regression,LassoFIBackwardElimination,0.012543239035808534,0.00964899945367948,0.00015733284550943101,0.9711438945638282
500009-AMBALAL SARABHAI ENTERPRISES LTD.,LowerBandInNext9Months,Linear Regression,LinearFIForwardSelection,0.013415730036664958,0.010887572331372683,0.00017998181241667436,0.9669898924228284
500009-AMBALAL SARABHAI ENTERPRISES LTD.,LowerBandInNext9Months,Ridge Regression,RidgeFIForwardSelection,0.01406738123007501,0.011354377648871759,0.0001978912146722667,0.9637051644430297
500009-AMBALAL SARABHAI ENTERPRISES LTD.,LowerBandInNext9Months,Elastic Net Regression,ElasticFICoefficients0.1,0.017783353178090096,0.010864379501225954,0.0003162476502566871,0.9419976451185362
500009-AMBALAL SARABHAI ENTERPRISES LTD.,UpperBandInNext12Months,Ridge Regression,RidgeFIBackwardElimination,0.08376605694295834,0.05436133664232646,0.00701675229577094,0.8998874699912583
500009-AMBALAL SARABHAI ENTERPRISES LTD.,UpperBandInNext12Months,Linear Regression,LinearFIFValue1000,0.09487102326235465,0.08275881771034226,0.009000511054846236,0.871583904477377
500009-AMBALAL SARABHAI ENTERPRISES LTD.,UpperBandInNext12Months,Lasso Regression,LassoFIFValue1000,0.09487102326235466,0.08275881771034219,0.00900051105484624,0.871583904477377
500009-AMBALAL SARABHAI ENTERPRISES LTD.,UpperBandInNext12Months,Elastic Net Regression,ElasticFIFValue1000,0.09487102326235466,0.08275881771034219,0.00900051105484624,0.871583904477377
500009-AMBALAL SARABHAI ENTERPRISES LTD.,UpperBandInNext1Months,Elastic Net Regression,ElasticFIFValue100,0.10754541409766104,0.07290401462200244,0.011566016093437388,0.7321868512256327
500009-AMBALAL SARABHAI ENTERPRISES LTD.,UpperBandInNext1Months,Linear Regression,LinearFIFValue100,0.10852984675212915,0.07612653471072899,0.011778727636040638,0.727261477826096
500009-AMBALAL SARABHAI ENTERPRISES LTD.,UpperBandInNext1Months,Lasso Regression,LassoFIFValue100,0.110327755908593,0.06409531374780313,0.012172213723826078,0.7181502378522453
500009-AMBALAL SARABHAI ENTERPRISES LTD.,UpperBandInNext1Months,Ridge Regression,RidgeFIFValue1000,0.12029074096115454,0.0724359560314909,0.014469862360983583,0.6649477771844419
500009-AMBALAL SARABHAI ENTERPRISES LTD.,UpperBandInNext24Months,Lasso Regression,LassoFIPValue0.02,0.15655547226145913,0.13566929894243063,0.024509615895008503,-0.11418077993953357
500009-AMBALAL SARABHAI ENTERPRISES LTD.,UpperBandInNext24Months,Elastic Net Regression,ElasticFIPValue0.02,0.15655547226145913,0.13566929894243063,0.024509615895008503,-0.11418077993953357
500009-AMBALAL SARABHAI ENTERPRISES LTD.,UpperBandInNext24Months,Linear Regression,LinearFIPValue0.02,0.15655547625314326,0.13566930279764644,0.024509617144848502,-0.11418083675591562
500009-AMBALAL SARABHAI ENTERPRISES LTD.,UpperBandInNext24Months,Ridge Regression,RidgeFIPValue0.02,0.15655547625314636,0.1356693027976495,0.024509617144849477,-0.11418083675596002
500009-AMBALAL SARABHAI ENTERPRISES LTD.,UpperBandInNext3Months,Linear Regression,LinearFIForwardSelection,0.10428302094046596,0.06824220142206329,0.010874948456469663,0.8543647956038543
500009-AMBALAL SARABHAI ENTERPRISES LTD.,UpperBandInNext3Months,Elastic Net Regression,ElasticFIForwardSelection,0.1221833409311535,0.08975922851570013,0.01492876880109849,0.8000768183469092
500009-AMBALAL SARABHAI ENTERPRISES LTD.,UpperBandInNext3Months,Lasso Regression,LassoFIForwardSelection,0.13481624597686964,0.10866455244447791,0.01817542017929582,0.756598291624743
500009-AMBALAL SARABHAI ENTERPRISES LTD.,UpperBandInNext3Months,Ridge Regression,RidgeFIForwardSelection,0.14002604545827094,0.11246312397682681,0.01960729340668176,0.7374229225667258
500009-AMBALAL SARABHAI ENTERPRISES LTD.,UpperBandInNext6Months,Linear Regression,LinearFIFValue1000,0.08064219405493303,0.060777187773274254,0.006503163461993476,0.8531183989761744
500009-AMBALAL SARABHAI ENTERPRISES LTD.,UpperBandInNext6Months,Elastic Net Regression,ElasticFIFValue1000,0.08064268572672817,0.0609641772497433,0.006503242761219847,0.8531166079098115
500009-AMBALAL SARABHAI ENTERPRISES LTD.,UpperBandInNext6Months,Lasso Regression,LassoFIFValue1000,0.08337990138439554,0.06580571564880115,0.006952207954871525,0.8429762005783747
500009-AMBALAL SARABHAI ENTERPRISES LTD.,UpperBandInNext6Months,Ridge Regression,RidgeFIFValue1000,0.08979334263883205,0.08162170068058111,0.008062844382254694,0.8178911696449195
500009-AMBALAL SARABHAI ENTERPRISES LTD.,UpperBandInNext9Months,Elastic Net Regression,ElasticFIPValue0.2,0.06306993468829114,0.04905015033917457,0.0039778166615853094,0.9352944051836816
500009-AMBALAL SARABHAI ENTERPRISES LTD.,UpperBandInNext9Months,Linear Regression,LinearFIPValue0.2,0.06620892314758672,0.04732393221267336,0.004383621504363044,0.9286933358119194
500009-AMBALAL SARABHAI ENTERPRISES LTD.,UpperBandInNext9Months,Ridge Regression,RidgeFICoefficients0.1,0.07928642644649712,0.06312475006281752,0.0062863374186558,0.8977425968827598
500009-AMBALAL SARABHAI ENTERPRISES LTD.,UpperBandInNext9Months,Lasso Regression,LassoFIForwardSelection,0.0982388411780799,0.07587107525962455,0.009650869916012009,0.8430130567753222
500010-HOUSING DEVELOPMENT FINANCE CORP.LTD.,LowerBandInNext12Months,Ridge Regression,RidgeFIPValue0.2,0.025452716799159197,0.015374350633274313,0.0006478407924582007,0.7531346930897224
500010-HOUSING DEVELOPMENT FINANCE CORP.LTD.,LowerBandInNext12Months,Lasso Regression,LassoFIFValue1000,0.03398505613972834,0.015829510789541135,0.001154984040820487,0.5598833956847219
500010-HOUSING DEVELOPMENT FINANCE CORP.LTD.,LowerBandInNext12Months,Elastic Net Regression,ElasticFIFValue1000,0.03398505613972834,0.015829510789541135,0.001154984040820487,0.5598833956847219
500010-HOUSING DEVELOPMENT FINANCE CORP.LTD.,LowerBandInNext12Months,Linear Regression,LinearFIFValue1000,0.033999580038609,0.015843396853248388,0.0011559714428017796,0.5595071376657869
500010-HOUSING DEVELOPMENT FINANCE CORP.LTD.,LowerBandInNext1Months,Elastic Net Regression,ElasticFIBackwardElimination,0.012461019758162696,0.008215703132913534,0.0001552770134133211,0.8530474930689764
500010-HOUSING DEVELOPMENT FINANCE CORP.LTD.,LowerBandInNext1Months,Linear Regression,LinearFIForwardSelection,0.012483775934530662,0.00816933192725828,0.0001558446615835669,0.8525102769038871
500010-HOUSING DEVELOPMENT FINANCE CORP.LTD.,LowerBandInNext1Months,Ridge Regression,RidgeFIForwardSelection,0.012553390122607417,0.008290683715245188,0.00015758760357037746,0.8508607752244893
500010-HOUSING DEVELOPMENT FINANCE CORP.LTD.,LowerBandInNext1Months,Lasso Regression,LassoFIFValue1000,0.012667374944358132,0.008482673580614903,0.00016046238798095218,0.8481401099648114
500010-HOUSING DEVELOPMENT FINANCE CORP.LTD.,LowerBandInNext24Months,Linear Regression,LinearFIPValue0.02,0.03607170960874955,0.020557222191425004,0.0013011682340979547,0.7836396192166407
500010-HOUSING DEVELOPMENT FINANCE CORP.LTD.,LowerBandInNext24Months,Ridge Regression,RidgeFIPValue0.05,0.03637876114115824,0.021265817559713032,0.0013234142621654447,0.7799405133074527
500010-HOUSING DEVELOPMENT FINANCE CORP.LTD.,LowerBandInNext24Months,Elastic Net Regression,ElasticFICoefficients0.1,0.0367844866288488,0.01912859774891705,0.001353098456547956,0.7750045769453882
500010-HOUSING DEVELOPMENT FINANCE CORP.LTD.,LowerBandInNext24Months,Lasso Regression,LassoFIFValue10,0.03755062859899873,0.021134384640967473,0.001410049708179941,0.7655346297346592
500010-HOUSING DEVELOPMENT FINANCE CORP.LTD.,LowerBandInNext3Months,Elastic Net Regression,ElasticFIFValue100,0.01944871399359061,0.013499204767674564,0.0003782524760044872,0.8440382878377688
500010-HOUSING DEVELOPMENT FINANCE CORP.LTD.,LowerBandInNext3Months,Lasso Regression,LassoFIFValue100,0.01966347606298146,0.01400739625827286,0.0003866522908794449,0.8405748617061481
500010-HOUSING DEVELOPMENT FINANCE CORP.LTD.,LowerBandInNext3Months,Linear Regression,LinearFIBackwardElimination,0.02007475691611136,0.015790299058320478,0.0004029958652409608,0.8338360509858647
500010-HOUSING DEVELOPMENT FINANCE CORP.LTD.,LowerBandInNext3Months,Ridge Regression,RidgeFIFValue100,0.020832899204865807,0.01513703400574078,0.00043400968928009834,0.8210483776600075
500010-HOUSING DEVELOPMENT FINANCE CORP.LTD.,LowerBandInNext6Months,Lasso Regression,LassoFIPValue0.02,0.011870240534660353,0.00893821701524088,0.0001409026103506937,0.9556475545717145
500010-HOUSING DEVELOPMENT FINANCE CORP.LTD.,LowerBandInNext6Months,Elastic Net Regression,ElasticFIPValue0.05,0.012453920307297396,0.009968412759973153,0.00015510013102051445,0.9511785475096173
500010-HOUSING DEVELOPMENT FINANCE CORP.LTD.,LowerBandInNext6Months,Linear Regression,LinearFICoefficients0.1,0.012750744908579473,0.008263644044646086,0.00016258149572366534,0.9488236101603393
500010-HOUSING DEVELOPMENT FINANCE CORP.LTD.,LowerBandInNext6Months,Ridge Regression,RidgeFICoefficients0.1,0.01279190435668585,0.008327674988119753,0.00016363281707059844,0.9484926817797267
500010-HOUSING DEVELOPMENT FINANCE CORP.LTD.,LowerBandInNext9Months,Elastic Net Regression,ElasticFIPValue0.1,0.00963182977684767,0.0073182953723205475,9.277214485016941e-05,0.9674585462342311
500010-HOUSING DEVELOPMENT FINANCE CORP.LTD.,LowerBandInNext9Months,Ridge Regression,RidgeFIPValue0.1,0.011628594821320616,0.00910085667883685,0.00013522421751844467,0.9525677386299999
500010-HOUSING DEVELOPMENT FINANCE CORP.LTD.,LowerBandInNext9Months,Lasso Regression,LassoFIPValue0.05,0.014685203026105525,0.0095438658393735,0.00021565518791793887,0.924355167832826
500010-HOUSING DEVELOPMENT FINANCE CORP.LTD.,LowerBandInNext9Months,Linear Regression,LinearFIPValue0.05,0.014694085381346707,0.009547027635170024,0.000215916145194307,0.9242636325001301
500010-HOUSING DEVELOPMENT FINANCE CORP.LTD.,UpperBandInNext12Months,Lasso Regression,LassoFICoefficients0.1,0.04677824023064228,0.04096355225576032,0.00218820375907568,0.7764881617057481
500010-HOUSING DEVELOPMENT FINANCE CORP.LTD.,UpperBandInNext12Months,Ridge Regression,RidgeFICoefficients0.1,0.05084669972402938,0.04248404508167076,0.0025853868728256094,0.7359182981701964
500010-HOUSING DEVELOPMENT FINANCE CORP.LTD.,UpperBandInNext12Months,Elastic Net Regression,ElasticFIPValue0.02,0.05198568186908284,0.04245148546743096,0.0027025111193934885,0.7239547616162357
500010-HOUSING DEVELOPMENT FINANCE CORP.LTD.,UpperBandInNext12Months,Linear Regression,LinearFIPValue0.02,0.05238834560615115,0.042788769606635246,0.0027445387553495368,0.7196618916617183
500010-HOUSING DEVELOPMENT FINANCE CORP.LTD.,UpperBandInNext1Months,Ridge Regression,RidgeFIFValue1000,0.017599523961574427,0.011390590251654398,0.0003097432436740324,0.7986850173953368
500010-HOUSING DEVELOPMENT FINANCE CORP.LTD.,UpperBandInNext1Months,Linear Regression,LinearFIFValue1000,0.017611576609074725,0.011416342993212005,0.00031016763065730803,0.798409190690798
500010-HOUSING DEVELOPMENT FINANCE CORP.LTD.,UpperBandInNext1Months,Lasso Regression,LassoFIFValue1000,0.017611576609074763,0.01141634299321194,0.0003101676306573094,0.7984091906907971
500010-HOUSING DEVELOPMENT FINANCE CORP.LTD.,UpperBandInNext1Months,Elastic Net Regression,ElasticFIFValue1000,0.017611576609074763,0.01141634299321194,0.0003101676306573094,0.7984091906907971
500010-HOUSING DEVELOPMENT FINANCE CORP.LTD.,UpperBandInNext24Months,Lasso Regression,LassoFIFValue100,0.060757825449415576,0.049455915813645945,0.0036915133533416506,0.7921594142920612
500010-HOUSING DEVELOPMENT FINANCE CORP.LTD.,UpperBandInNext24Months,Ridge Regression,RidgeFIFValue100,0.06922643029407985,0.05722280033080518,0.004792298651261097,0.7301827019902729
500010-HOUSING DEVELOPMENT FINANCE CORP.LTD.,UpperBandInNext24Months,Linear Regression,LinearFIFValue1000,0.06942689051638701,0.0588359754812994,0.004820093126774388,0.7286178098939464
500010-HOUSING DEVELOPMENT FINANCE CORP.LTD.,UpperBandInNext24Months,Elastic Net Regression,ElasticFICoefficients0.1,0.07934040286880864,0.06478274528794263,0.006294899527384858,0.6455828600592877
500010-HOUSING DEVELOPMENT FINANCE CORP.LTD.,UpperBandInNext3Months,Ridge Regression,RidgeFICoefficients0.1,0.022411828948526554,0.01757555888699107,0.0005022900768180129,0.8725062070554113
500010-HOUSING DEVELOPMENT FINANCE CORP.LTD.,UpperBandInNext3Months,Lasso Regression,LassoFICoefficients0.1,0.022968737037525094,0.017396327658500587,0.000527562881098977,0.8660913367945088
500010-HOUSING DEVELOPMENT FINANCE CORP.LTD.,UpperBandInNext3Months,Elastic Net Regression,ElasticFIFValue1000,0.02388949364508529,0.01786013479892416,0.0005707079066185703,0.8551400494725874
500010-HOUSING DEVELOPMENT FINANCE CORP.LTD.,UpperBandInNext3Months,Linear Regression,LinearFIForwardSelection,0.024284627227676468,0.019602754353795014,0.0005897431195872053,0.8503084360028301
500010-HOUSING DEVELOPMENT FINANCE CORP.LTD.,UpperBandInNext6Months,Linear Regression,LinearFICoefficients0.1,0.030474648746009133,0.025514811916403975,0.0009287042161926361,0.8819314737222042
500010-HOUSING DEVELOPMENT FINANCE CORP.LTD.,UpperBandInNext6Months,Ridge Regression,RidgeFICoefficients0.1,0.030474648746009175,0.02551481191640403,0.0009287042161926386,0.8819314737222039
500010-HOUSING DEVELOPMENT FINANCE CORP.LTD.,UpperBandInNext6Months,Lasso Regression,LassoFICoefficients0.1,0.030479029059282237,0.025520161768920645,0.000928971212396571,0.8818975298165228
500010-HOUSING DEVELOPMENT FINANCE CORP.LTD.,UpperBandInNext6Months,Elastic Net Regression,ElasticFICoefficients0.1,0.030479029059282237,0.025520161768920645,0.000928971212396571,0.8818975298165228
500010-HOUSING DEVELOPMENT FINANCE CORP.LTD.,UpperBandInNext9Months,Linear Regression,LinearFIFValue1000,0.016355693858898183,0.012503034882852032,0.00026750872160599974,0.9718170500733575
500010-HOUSING DEVELOPMENT FINANCE CORP.LTD.,UpperBandInNext9Months,Ridge Regression,RidgeFIFValue1000,0.0163935249369403,0.01264455986986463,0.00026874765985808344,0.9716865237319693
500010-HOUSING DEVELOPMENT FINANCE CORP.LTD.,UpperBandInNext9Months,Elastic Net Regression,ElasticFIFValue1000,0.01642854370826688,0.012578289365812534,0.00026989704837443527,0.9715654317585632
500010-HOUSING DEVELOPMENT FINANCE CORP.LTD.,UpperBandInNext9Months,Lasso Regression,LassoFIFValue1000,0.017263547006130326,0.013485764139544741,0.0002980300552328713,0.9686015241939158
500012-ANDHRA PETROCHEMICALS LTD.,LowerBandInNext12Months,Linear Regression,LinearFIPValue0.02,0.06006143303285173,0.039617688362105906,0.003607375737959733,0.856885085408306
500012-ANDHRA PETROCHEMICALS LTD.,LowerBandInNext12Months,Ridge Regression,RidgeFIPValue0.02,0.06077080264415704,0.046491590167414436,0.0036930904540150838,0.8534845374314405
500012-ANDHRA PETROCHEMICALS LTD.,LowerBandInNext12Months,Elastic Net Regression,ElasticFIFValue1000,0.0652083322373162,0.04102231270714065,0.004252126593172212,0.8313059746420834
500012-ANDHRA PETROCHEMICALS LTD.,LowerBandInNext12Months,Lasso Regression,LassoFIFValue1000,0.06707914244640799,0.04727529903947278,0.004499611351345493,0.8214875463436364
500012-ANDHRA PETROCHEMICALS LTD.,LowerBandInNext1Months,Ridge Regression,RidgeFIForwardSelection,0.03533925839367521,0.024450916445527403,0.0012488631838149435,0.857259163116649
500012-ANDHRA PETROCHEMICALS LTD.,LowerBandInNext1Months,Lasso Regression,LassoFIForwardSelection,0.036014591973519416,0.023952162476079,0.0012970508350190891,0.8517514776075676
500012-ANDHRA PETROCHEMICALS LTD.,LowerBandInNext1Months,Elastic Net Regression,ElasticFIForwardSelection,0.036184092118044534,0.024187682018591818,0.0013092885224071326,0.8503527513404116
500012-ANDHRA PETROCHEMICALS LTD.,LowerBandInNext1Months,Linear Regression,LinearFIForwardSelection,0.03671020409403278,0.02466166348533211,0.001347639084625541,0.8459694118225627
500012-ANDHRA PETROCHEMICALS LTD.,LowerBandInNext24Months,Ridge Regression,RidgeFIPValue0.02,0.19782534271809832,0.16210535939391907,0.03913486622153305,-17.22593609673434
500012-ANDHRA PETROCHEMICALS LTD.,LowerBandInNext24Months,Elastic Net Regression,ElasticFIBackwardElimination,0.21161959442602055,0.17538442307040175,0.04478285274503342,-19.856323048099313
500012-ANDHRA PETROCHEMICALS LTD.,LowerBandInNext24Months,Lasso Regression,LassoFICoefficients0.1,0.2195073855000433,0.18439499511412288,0.04818349228906463,-21.44007291111629
500012-ANDHRA PETROCHEMICALS LTD.,LowerBandInNext24Months,Linear Regression,LinearFIPValue0.02,0.42942275610310854,0.390755125214058,0.18440390345918983,-84.88080361410017
500012-ANDHRA PETROCHEMICALS LTD.,LowerBandInNext3Months,Elastic Net Regression,ElasticFIPValue0.1,0.05913977545596674,0.04339217203011118,0.0034975130409821663,0.8402799284607567
500012-ANDHRA PETROCHEMICALS LTD.,LowerBandInNext3Months,Linear Regression,LinearFIFValue1000,0.0616069202272106,0.040482407435154535,0.003795412619881891,0.8266758213435426
500012-ANDHRA PETROCHEMICALS LTD.,LowerBandInNext3Months,Ridge Regression,RidgeFIFValue1000,0.06369368264383009,0.04178655049532472,0.004056885208732942,0.8147352166603037
500012-ANDHRA PETROCHEMICALS LTD.,LowerBandInNext3Months,Lasso Regression,LassoFIFValue10,0.06378587075399858,0.043420917082083295,0.004068637307845812,0.8141985364280787
500012-ANDHRA PETROCHEMICALS LTD.,LowerBandInNext6Months,Elastic Net Regression,ElasticFIFValue10,0.06522602610286507,0.048329941519882874,0.004254434481171636,0.8823163358959845
500012-ANDHRA PETROCHEMICALS LTD.,LowerBandInNext6Months,Lasso Regression,LassoFICoefficients0.1,0.06679736628793907,0.046745790665274366,0.004461888143005099,0.8765778747293117
500012-ANDHRA PETROCHEMICALS LTD.,LowerBandInNext6Months,Linear Regression,LinearFIPValue0.02,0.06934215114293733,0.05077745489743894,0.0048083339251299645,0.8669946952881259
500012-ANDHRA PETROCHEMICALS LTD.,LowerBandInNext6Months,Ridge Regression,RidgeFICoefficients0.1,0.06969329591925186,0.05033873871076251,0.0048571554960884075,0.8656442217097617
500012-ANDHRA PETROCHEMICALS LTD.,LowerBandInNext9Months,Ridge Regression,RidgeFIBackwardElimination,0.07075146183317521,0.05194972592892547,0.005005769351531248,0.8787378237472001
500012-ANDHRA PETROCHEMICALS LTD.,LowerBandInNext9Months,Linear Regression,LinearFIForwardSelection,0.10107069888703088,0.07652549166762632,0.010215286173512864,0.7525399702912032
500012-ANDHRA PETROCHEMICALS LTD.,LowerBandInNext9Months,Elastic Net Regression,ElasticFIFValue10,0.10473378273942865,0.07937365732420623,0.010969165246909844,0.7342776392384155
500012-ANDHRA PETROCHEMICALS LTD.,LowerBandInNext9Months,Lasso Regression,LassoFIPValue0.1,0.17277871611782544,0.11427189480990436,0.029852484743324116,0.27683898072098534
500012-ANDHRA PETROCHEMICALS LTD.,UpperBandInNext12Months,Linear Regression,LinearFIFValue100,0.31336363141417933,0.2540164738885736,0.09819676549308164,0.8110360315695507
500012-ANDHRA PETROCHEMICALS LTD.,UpperBandInNext12Months,Lasso Regression,LassoFIFValue100,0.32326293257677335,0.2073165005328129,0.10449892357813553,0.798908536377138
500012-ANDHRA PETROCHEMICALS LTD.,UpperBandInNext12Months,Elastic Net Regression,ElasticFIFValue100,0.3356768435987735,0.21669600467273997,0.11267894332843542,0.7831673967775346
500012-ANDHRA PETROCHEMICALS LTD.,UpperBandInNext12Months,Ridge Regression,RidgeFIFValue1000,0.34231966316104917,0.24210735757556223,0.11718275178669416,0.774500537792417
500012-ANDHRA PETROCHEMICALS LTD.,UpperBandInNext1Months,Linear Regression,LinearFIFValue1000,0.06665984835816607,0.04081475021961667,0.004443535383133697,0.8022100790498154
500012-ANDHRA PETROCHEMICALS LTD.,UpperBandInNext1Months,Elastic Net Regression,ElasticFIFValue1000,0.06666937678915515,0.04078324083734366,0.004444805801454339,0.8021535303970991
500012-ANDHRA PETROCHEMICALS LTD.,UpperBandInNext1Months,Ridge Regression,RidgeFIFValue1000,0.06676633022183674,0.040620561161846966,0.0044577428512913506,0.801577678548523
500012-ANDHRA PETROCHEMICALS LTD.,UpperBandInNext1Months,Lasso Regression,LassoFIFValue1000,0.06676755811919172,0.040499447501425555,0.004457906817199643,0.8015703801248033
500012-ANDHRA PETROCHEMICALS LTD.,UpperBandInNext24Months,Linear Regression,LinearFIPValue0.02,1.0298531767353791,0.8246326458869628,1.0605975656319522,-8.685421107328668
500012-ANDHRA PETROCHEMICALS LTD.,UpperBandInNext24Months,Ridge Regression,RidgeFIPValue0.02,1.0714573283593882,0.8546318733754104,1.1480208064950377,-9.48377378110827
500012-ANDHRA PETROCHEMICALS LTD.,UpperBandInNext24Months,Elastic Net Regression,ElasticFIFValue10,1.4638435067374314,1.135665535293517,2.14283781221734,-18.56848407780897
500012-ANDHRA PETROCHEMICALS LTD.,UpperBandInNext24Months,Lasso Regression,LassoFIBackwardElimination,1.6046364276703224,1.3052926236621833,2.574858065006574,-22.51371100529595
500012-ANDHRA PETROCHEMICALS LTD.,UpperBandInNext3Months,Elastic Net Regression,ElasticFIFValue1000,0.08441259086697117,0.059436405137903166,0.007125485496874664,0.8926786340028643
500012-ANDHRA PETROCHEMICALS LTD.,UpperBandInNext3Months,Ridge Regression,RidgeFIFValue1000,0.08519495384208796,0.06088005304910277,0.007258180160155497,0.8906800372012744
500012-ANDHRA PETROCHEMICALS LTD.,UpperBandInNext3Months,Linear Regression,LinearFIFValue1000,0.08636660164706207,0.06267716100192855,0.007459189880062305,0.8876525048698196
500012-ANDHRA PETROCHEMICALS LTD.,UpperBandInNext3Months,Lasso Regression,LassoFIFValue1000,0.08679792957763571,0.05884864335338098,0.007533880578964209,0.886527541828782
500012-ANDHRA PETROCHEMICALS LTD.,UpperBandInNext6Months,Ridge Regression,RidgeFICoefficients0.1,0.15460554015348116,0.10911629323094135,0.023902873046149676,0.9236768353530709
500012-ANDHRA PETROCHEMICALS LTD.,UpperBandInNext6Months,Elastic Net Regression,ElasticFICoefficients0.1,0.17054049183333544,0.10381175623651316,0.02908405935475595,0.9071330276302637
500012-ANDHRA PETROCHEMICALS LTD.,UpperBandInNext6Months,Lasso Regression,LassoFICoefficients0.1,0.17694397359599576,0.10429685721818151,0.03130916979194045,0.9000281298245921
500012-ANDHRA PETROCHEMICALS LTD.,UpperBandInNext6Months,Linear Regression,LinearFIFValue1000,0.18203404340064414,0.1504620863510733,0.033136392956787594,0.8941937075696584
500012-ANDHRA PETROCHEMICALS LTD.,UpperBandInNext9Months,Ridge Regression,RidgeFIFValue100,0.226008156568574,0.19309075625391034,0.051079686835525065,0.9119636357171769
500012-ANDHRA PETROCHEMICALS LTD.,UpperBandInNext9Months,Lasso Regression,LassoFIFValue1000,0.22887098547308324,0.19230141911659102,0.05238192799142028,0.9097192097254195
500012-ANDHRA PETROCHEMICALS LTD.,UpperBandInNext9Months,Elastic Net Regression,ElasticFIFValue100,0.22979311214744239,0.19176028945940227,0.052804874390407035,0.9089902572677978
500012-ANDHRA PETROCHEMICALS LTD.,UpperBandInNext9Months,Linear Regression,LinearFIPValue0.02,0.5287033610851579,0.4495296122397986,0.2795272440227429,0.5182319272825895
500013-ANSAL PROPERTIES & INFRASTRUCTURE LTD.,LowerBandInNext1Months,Linear Regression,LinearFIForwardSelection,0.027191565993642017,0.01721415104785795,0.000739381261186589,0.667895801793233
500013-ANSAL PROPERTIES & INFRASTRUCTURE LTD.,LowerBandInNext1Months,Lasso Regression,LassoFIForwardSelection,0.0276548445550312,0.016510958453881043,0.0007647904273629388,0.6564828931856269
500013-ANSAL PROPERTIES & INFRASTRUCTURE LTD.,LowerBandInNext1Months,Elastic Net Regression,ElasticFIForwardSelection,0.027654844555032976,0.016510958453879877,0.000764790427363037,0.6564828931855828
500013-ANSAL PROPERTIES & INFRASTRUCTURE LTD.,LowerBandInNext1Months,Ridge Regression,RidgeFIForwardSelection,0.028586673917007085,0.01650605796593873,0.0008171979256372931,0.6329432782290683
500013-ANSAL PROPERTIES & INFRASTRUCTURE LTD.,LowerBandInNext3Months,Ridge Regression,RidgeFIForwardSelection,0.00672290572358878,0.005282820401995916,4.519746136826279e-05,0.9968845613859737
500013-ANSAL PROPERTIES & INFRASTRUCTURE LTD.,LowerBandInNext3Months,Lasso Regression,LassoFIForwardSelection,0.006812539824575263,0.0053278776754950834,4.641069886142396e-05,0.996800933526803
500013-ANSAL PROPERTIES & INFRASTRUCTURE LTD.,LowerBandInNext3Months,Elastic Net Regression,ElasticFIForwardSelection,0.006812539824575263,0.0053278776754950834,4.641069886142396e-05,0.996800933526803
500013-ANSAL PROPERTIES & INFRASTRUCTURE LTD.,LowerBandInNext3Months,Linear Regression,LinearFIForwardSelection,0.006812539824579833,0.005327877675498357,4.6410698861486217e-05,0.9968009335267987
500013-ANSAL PROPERTIES & INFRASTRUCTURE LTD.,LowerBandInNext6Months,Linear Regression,LinearFIForwardSelection,1.1102230246251565e-16,7.401486830834377e-17,1.232595164407831e-32,1.0
500013-ANSAL PROPERTIES & INFRASTRUCTURE LTD.,LowerBandInNext6Months,Ridge Regression,RidgeFIForwardSelection,9.064933036736789e-17,3.700743415417188e-17,8.217301096052206e-33,1.0
500013-ANSAL PROPERTIES & INFRASTRUCTURE LTD.,LowerBandInNext6Months,Lasso Regression,LassoFIForwardSelection,0.0,0.0,0.0,1.0
500013-ANSAL PROPERTIES & INFRASTRUCTURE LTD.,LowerBandInNext6Months,Elastic Net Regression,ElasticFIForwardSelection,0.0,0.0,0.0,1.0
