Actual_LowerBandInNext1Months,Predicted_LowerBandInNext1Months,Predicted_UpperBandInNext1Months,Actual_UpperBandInNext1Months,Date,Close Price
0.9640757674722404,0.9642225097034622,1.0822052005561966,1.077726975832789,2020-12-30,76.55
0.9879759519038076,0.9777612459979358,1.093116800310585,1.1022044088176353,2020-12-29,74.85
0.9743083003952568,0.9648321336043454,1.088811825112745,1.0869565217391304,2020-12-28,75.9
1.0,0.9877184569697008,1.044046778827961,1.1029411764705883,2020-12-24,74.8
0.9739583333333334,0.9639371155106026,1.0300836635375374,1.07421875,2020-12-23,76.8
1.0,0.9873763976168451,1.1077764436465989,1.1450381679389314,2020-12-22,72.05
1.0,0.9864059382162772,1.1062704937989,1.1530398322851154,2020-12-21,71.55
0.9068441064638784,0.8949196184417538,1.0397544317958436,1.0456273764258557,2020-12-18,78.9
0.8817005545286506,0.8708914203125551,1.0246369219504936,1.0166358595194085,2020-12-17,81.15
0.9114649681528662,0.9031856188572382,1.0469708309729382,1.0509554140127388,2020-12-16,78.5
0.9794661190965092,0.9734925184233176,1.1071583829181824,1.1293634496919918,2020-12-15,73.05
0.9714867617107942,0.9663325332829166,1.0660034507694225,1.120162932790224,2020-12-14,73.65
0.9728076138681168,0.9738484313678242,1.0985960462148514,1.1216859279401767,2020-12-11,73.55
0.9808087731322824,0.9812215541666988,1.101535731433556,1.1309115832762164,2020-12-10,72.95
0.9616935483870966,0.969536306658059,1.0833425870644364,1.1088709677419355,2020-12-09,74.4
0.957190635451505,0.9652785412072536,1.0754672960832576,1.1036789297658862,2020-12-08,74.75
0.9304291287386216,0.933431144040548,1.063999710103295,1.0552665799739922,2020-12-07,76.9
0.9741320626276376,0.976770106851796,1.0922023763880957,1.1048332198774675,2020-12-04,73.45
0.99375,0.99177302840136,1.1232440919196425,1.1270833333333334,2020-12-03,72.0
1.0,0.9990079807830854,1.1037452716803466,1.1437632135306557,2020-12-02,70.95
0.9971890372452564,0.995777412029109,1.096871867430435,1.140548137737175,2020-12-01,71.15
0.9992957746478872,0.9965747584602423,1.1089748704484927,1.1429577464788734,2020-11-27,71.0
0.9502046384720328,0.9444180936864962,1.084927889975438,1.1070941336971352,2020-11-24,73.3
1.0,0.9901265387086656,1.129409095891074,1.1701514059120406,2020-11-23,69.35
1.0,0.9896716207652836,1.1267810812947476,1.189882697947214,2020-11-20,68.2
0.9891225525743292,0.9808966324817,1.0960627784938135,1.176939811457578,2020-11-19,68.95
1.0,0.9908807346400558,1.1343939248198849,1.1986706056129983,2020-11-18,67.7
0.985443959243086,0.9760873863665872,1.1289129949289654,1.1812227074235808,2020-11-17,68.7
0.9738863287250384,0.9696042522496298,1.1257194843742582,1.1812596006144396,2020-11-09,65.1
0.9635258358662614,0.9595033986463528,1.1111019433594276,1.116261398176292,2020-11-06,65.8
1.0,0.9927078230800336,1.2344750810912837,1.1837228041901693,2020-11-05,62.05
0.9855421686746988,0.9792172523734765,1.1381354769115044,1.1775100401606424,2020-11-03,62.25
1.0,0.989737624647537,1.1680520983378035,1.1947840260798694,2020-11-02,61.35
0.9943273905996758,0.9828079715050284,1.13784810183563,1.1880064829821717,2020-10-30,61.7
0.9887187751813056,0.9774535665272877,1.12230888838892,1.1813053988718776,2020-10-29,62.05
0.9776892430278884,0.968391117101713,1.104031562068281,1.1681274900398406,2020-10-28,62.75
0.9800319488817892,0.9642883484002478,1.1096523912338825,1.1709265175718848,2020-10-27,62.6
0.9631083202511772,0.9496038873782672,1.1371091850933797,1.0824175824175823,2020-10-23,63.7
0.9570982839313572,0.942838017960768,1.1059604596642438,1.075663026521061,2020-10-22,64.1
0.9691943127962086,0.9573066183565746,1.1205196660487555,1.0892575039494472,2020-10-21,63.3
0.9578454332552694,0.946955063695933,1.1016546494866684,1.0765027322404372,2020-10-20,64.05
0.9482225656877896,0.9412090722881614,1.0941837999827346,1.061823802163833,2020-10-19,64.7
0.928139183055976,0.9245587978836296,1.1032493850339014,1.0,2020-10-16,66.1
0.967665615141956,0.965374195909911,1.10602032438009,1.0425867507886435,2020-10-15,63.4
0.9359267734553776,0.9358569346140744,1.097770254651708,1.0083905415713197,2020-10-14,65.55
0.983173076923077,0.9777368956744662,1.1293139518175892,1.0592948717948718,2020-10-13,62.4
0.952639751552795,0.9623261973945072,1.0375987284764916,1.02639751552795,2020-10-08,64.4
0.9416730621642364,0.9537352990748555,1.024611080922566,1.0145817344589407,2020-10-07,65.15
0.9197901049475262,0.9319893314568456,1.006993706430526,1.0,2020-10-06,66.7
0.955607476635514,0.994634868743479,1.035452984336523,1.0389408099688473,2020-10-05,64.2
0.967843137254902,1.000710538125332,1.043291825330128,1.0462745098039217,2020-10-01,63.75
0.9801429706115964,1.0038444184610198,1.0412294823031525,1.0595710881652105,2020-09-30,62.95
0.9665109034267912,0.987907932643902,1.0415272384341956,1.0389408099688473,2020-09-29,64.2
0.9734789391575664,0.9882058593995844,1.039555873208193,1.0405616224648988,2020-09-28,64.1
0.9865612648221344,1.0008472402830322,1.0385333090000994,1.054545454545455,2020-09-25,63.25
1.0,1.0082073049125162,1.024479677592257,1.0970394736842106,2020-09-24,60.8
0.965845909451946,0.9718621110603038,1.0056219017586343,1.0595710881652105,2020-09-23,62.95
0.9673826571201272,0.974457001363426,1.0035723118379902,1.0612569610182976,2020-09-22,62.85
0.9404485692188708,0.947829943982127,1.010389612128736,1.031709203402939,2020-09-21,64.65
0.893460690668626,0.8903225645952011,1.0159097192574265,1.0,2020-09-18,68.05
0.892149669845928,0.8895697609969819,1.0168230072589133,1.0,2020-09-17,68.15
0.87168458781362,0.8605115949052344,1.0121098853909658,1.0,2020-09-16,69.75
0.8618001417434443,0.8477576343569975,1.0123882429226183,1.0,2020-09-15,70.55
0.9014084507042252,0.9015573529877005,1.0414657888876444,1.0459599703484062,2020-09-14,67.45
0.9346656418139891,0.9360305711970736,1.0848509869068192,1.0845503458877783,2020-09-11,65.05
0.9426356589147288,0.9526370201351744,1.0908958951837102,1.0937984496124031,2020-09-10,64.5
0.95748031496063,0.96202082021712,1.1122800340078085,1.111023622047244,2020-09-09,63.5
0.9361046959199384,0.940549397355464,1.0631058167635687,1.086220169361047,2020-09-08,64.95
0.8908424908424908,0.8926257943032578,1.0196801285180548,1.0336996336996336,2020-09-03,68.25
0.8888888888888887,0.8911898432059486,1.013204010215529,1.0314327485380117,2020-09-02,68.4
0.9000740192450037,0.9010234393230472,1.0328793708000568,1.0444115470022206,2020-09-01,67.55
0.886943836615609,0.8867828617629199,1.0157995177160737,1.0291757840991975,2020-08-31,68.55
0.8323066392881587,0.83838980928024,1.010723969368864,1.0,2020-08-28,73.05
0.8112074716477651,0.8159719577024374,1.0081383376221218,1.0,2020-08-27,74.95
0.8260869565217391,0.8414761357202092,1.0188716497331312,1.018342391304348,2020-08-26,73.6
0.8798842257597684,0.9068589081196572,1.0897277731885713,1.08465991316932,2020-08-25,69.1
0.888967468175389,0.8850684787960095,1.072018884239582,1.06011315417256,2020-08-24,70.7
0.8918539325842696,0.8792711139622693,1.047182806686116,1.0526685393258426,2020-08-21,71.2
0.8918539325842696,0.8827768888117227,1.0634471987034395,1.0526685393258426,2020-08-20,71.2
0.8850174216027874,0.8787593731389001,1.0384082138539794,1.0445993031358884,2020-08-19,71.75
0.8975265017667845,0.8917220683009623,1.059899446176938,1.0593639575971732,2020-08-18,70.75
0.918958031837916,0.9128883856239056,1.094685919077104,1.08465991316932,2020-08-17,69.1
0.9379615952732644,0.9242701803796378,1.105798274647972,1.1070901033973413,2020-08-14,67.7
0.9463487332339792,0.929921444917576,1.1275447248504666,1.11698956780924,2020-08-13,67.1
0.9527381845461363,0.949437653218706,1.1028050265388738,1.1245311327831955,2020-08-12,66.65
0.9365781710914456,0.9346318035167192,1.112345721669016,1.1054572271386431,2020-08-11,67.8
0.9202898550724636,0.9283208600529274,1.0714463005504689,1.086231884057971,2020-08-10,69.0
0.9917910447761196,0.9544829354687951,1.1314032539040657,1.1186567164179104,2020-08-07,67.0
1.0,0.982958958011394,1.1248273807497833,1.172926447574335,2020-08-06,63.9
0.9914662529092318,0.974814007162744,1.1235421813630275,1.1629169899146623,2020-08-05,64.45
1.0,0.9884191298299904,1.1271215030201158,1.1915739268680443,2020-08-04,62.9
1.0,0.990668627389391,1.1394009591323653,1.2147487844408429,2020-08-03,61.7
1.0,0.9958611223801828,1.2021494062238849,1.2703389830508476,2020-07-31,59.0
0.9577922077922078,0.9554313422139212,1.1802024378364455,1.2167207792207793,2020-07-30,61.6
0.9485530546623794,0.9443310444078388,1.1542041476946028,1.204983922829582,2020-07-29,62.2
0.9477911646586346,0.942237318804958,1.1663974813759344,1.204016064257028,2020-07-28,62.25
0.9424920127795527,0.9369775348864402,1.1343288419858473,1.1757188498402555,2020-07-27,62.6
0.9042145593869731,0.89834881273461,1.0945349465115564,1.0996168582375478,2020-07-24,65.25
0.8734270910436714,0.8668900753006323,1.049132935158154,1.0621761658031088,2020-07-23,67.55
0.8676470588235294,0.8606353928730481,1.049822276523262,1.0551470588235294,2020-07-22,68.0
0.8569353667392884,0.8639473031098179,1.0537097473913457,1.0421205519244736,2020-07-21,68.85
0.8263305322128851,0.8331282768994737,1.0088342728657056,1.0049019607843137,2020-07-20,71.4
0.8298171589310831,0.8455235154318259,1.0512588628025388,1.0042194092827006,2020-07-17,71.1
0.8333333333333334,0.8516094489955095,1.0308211521943025,1.0084745762711866,2020-07-16,70.8
0.8257522743177047,0.8525654301846033,1.044267723689881,1.0,2020-07-15,71.45
0.8098833218943035,0.8451484401853204,1.0091311571550887,1.0,2020-07-14,72.85
0.7804232804232805,0.8187451035927173,1.0106876377198886,1.0,2020-07-13,75.6
0.7672301690507152,0.8093636295322715,1.0151089579316517,1.0,2020-07-10,76.9
0.7737704918032787,0.8213513248112083,1.0058088979461497,1.0085245901639346,2020-07-09,76.25
0.7845744680851063,0.8375764638152097,1.004310157317346,1.0226063829787235,2020-07-08,75.2
0.7530312699425654,0.7998263174142819,1.0057776021885867,1.0,2020-07-07,78.35
0.7617817947062621,0.8161852337647972,1.0080156573682943,1.011620400258231,2020-07-06,77.45
0.8154803040774016,0.8980058171521565,1.0540475136080505,1.082930200414651,2020-07-01,72.35
0.8520055325034579,0.8934053087998604,1.035406860705748,1.083679114799447,2020-06-30,72.3
0.8579310344827586,0.8912726531532347,1.0488638602952314,1.0806896551724137,2020-06-29,72.5
0.8529411764705882,0.8392697083067227,1.023464644848142,1.0241830065359476,2020-06-26,76.5
0.8457550226830849,0.8293369137834814,1.0309179463283993,1.0155541153596888,2020-06-25,77.15
0.8354673495518566,0.8167262847827874,1.0268904069986304,1.003201024327785,2020-06-24,78.1
0.8784135240572171,0.829773622310499,1.0283804155477951,1.018855656697009,2020-06-23,76.9
0.8521303258145364,0.7911277158753887,1.0177902876553029,1.0,2020-06-22,79.8
0.9902097902097902,0.904267624778706,1.177262152513139,1.116083916083916,2020-06-19,71.5
1.0,0.9961426384616324,1.2468284680892163,1.2646592709984152,2020-06-18,63.1
1.0,1.0111613877304193,1.23480015276222,1.2965069049553208,2020-06-17,61.55
1.0,1.0137275215090993,1.2509057302384312,1.3157460840890354,2020-06-16,60.65
0.9665338645418328,0.9844291524617934,1.2733294668214985,1.2717131474103585,2020-06-15,62.75
0.957379636937648,0.9753795617196022,1.2064283457398757,1.2596685082872927,2020-06-12,63.35
0.9528672427337,0.9723333497916212,1.214816377218237,1.2537313432835822,2020-06-11,63.65
0.9381283836040216,0.9429397466377653,1.2274538094018534,1.2343387470997678,2020-06-10,64.65
0.8847556528081693,0.8830250629711056,1.0993341879298877,1.1641137855579868,2020-06-09,68.55
0.870157819225251,0.8691355589791347,1.0918814791935834,1.1449067431850788,2020-06-08,69.7
0.8925680647534951,0.8946039834464246,1.1273518938073914,1.17439293598234,2020-06-05,67.95
1.0,1.0129695188286805,1.3330875935986688,1.3854166666666663,2020-06-04,57.6
1.0,1.0246639364234045,1.323838822787587,1.4469628286491387,2020-06-03,55.15
1.0,1.059565591283066,1.5355112093549033,1.6729559748427671,2020-05-29,47.7
1.0,1.0632083033183108,1.5542423159060157,1.6853220696937696,2020-05-28,47.35
1.0,1.0701185877333814,1.4838674420432794,1.76940133037694,2020-05-27,45.1
1.0,1.053982184098473,1.420352851529279,1.775305895439377,2020-05-26,44.95
0.9955703211517166,1.0450943070465393,1.4386326787072017,1.5836101882613511,2020-05-22,45.15
0.982513661202186,1.0279937618565225,1.4852007508324236,1.5628415300546448,2020-05-21,45.75
0.9988888888888888,1.0337833437588342,1.4046043296492872,1.5888888888888888,2020-05-20,45.0
0.982513661202186,1.0148544906128667,1.4672222759314617,1.5234972677595628,2020-05-19,45.75
0.9814410480349346,1.011594843837848,1.4104488600538991,1.5218340611353711,2020-05-18,45.8
0.935483870967742,0.974400955071999,1.391058360412084,1.4505723204994798,2020-05-15,48.05
0.9316062176165804,0.9665454728197216,1.4209147734236995,1.444559585492228,2020-05-14,48.25
0.9211065573770492,0.9593739219048446,1.4069333963120556,1.4282786885245904,2020-05-13,48.8
0.9553666312433584,0.9853499652381152,1.4756287562743842,1.481402763018066,2020-05-12,47.05
0.9563829787234044,0.987527341537442,1.459170569487387,1.4829787234042553,2020-05-11,47.0
0.9433368310598113,0.9838444416550798,1.4623601774478827,1.4260230849947535,2020-05-08,47.65
0.910840932117528,0.9326259743501436,1.4045139667553217,1.3768996960486322,2020-05-07,49.35
0.9523305084745762,0.969897745063038,1.217473724224306,1.4396186440677965,2020-05-06,47.2
0.9423480083857444,0.9615880379315536,1.221279294838387,1.2075471698113207,2020-05-05,47.7
0.911764705882353,0.9326964769807048,1.2312359611075403,1.118661257606491,2020-05-04,49.3
0.8711240310077519,0.9008012184037107,1.2189586734850422,1.0,2020-04-30,51.6
0.8685990338164252,0.8992466538828672,1.2842425954463614,1.0,2020-04-29,51.75
0.8770731707317073,0.9061297384459834,1.2545654040961631,1.0097560975609756,2020-04-28,51.25
0.8660886319845859,0.8970055860555903,1.2191577022602291,1.0,2020-04-27,51.9
0.8687258687258688,0.9037603146828376,1.3055008435376023,1.001930501930502,2020-04-24,51.8
0.8256880733944955,0.8693093750129255,1.192808455847044,1.0,2020-04-23,54.5
0.8662175168431183,0.9135120884162304,1.164682487599171,1.0490856592877766,2020-04-22,51.95
0.8522727272727273,0.876032646252997,1.0729325139912134,1.0321969696969695,2020-04-21,52.8
0.8100810081008101,0.8265716996151111,1.0127359580910666,1.0,2020-04-20,55.55
0.8355555555555556,0.8182619310861896,1.0095414976918855,1.0,2020-04-17,56.25
0.8438061041292638,0.8318292007902586,1.028878168189071,1.0098743267504489,2020-04-16,55.7
0.9279368213228036,0.9138539998376178,1.1282298709675036,1.1105626850937809,2020-04-15,50.65
0.94,0.9205023860894456,1.153965271231677,1.125,2020-04-13,50.0
0.9129593810444876,0.886476682511347,1.0934549652356214,1.0880077369439072,2020-04-09,51.7
0.930966469428008,0.9076418724395569,1.1178433486540444,1.1094674556213018,2020-04-08,50.7
0.9393034825870648,0.9171765477609788,1.1350848237901647,1.1194029850746268,2020-04-07,50.25
1.0,0.959338136647124,1.1582718830549912,1.2057877813504825,2020-04-03,46.65
1.0,0.9705866486497297,1.158285253968521,1.2295081967213115,2020-04-01,45.75
0.9989082969432316,0.9760579918178138,1.1884904003745214,1.2281659388646289,2020-03-31,45.8
1.0,0.9775140667169042,1.184934293445475,1.2555803571428572,2020-03-30,44.8
1.0,0.9796162922970774,1.25536430019975,1.293103448275862,2020-03-27,43.5
0.9942857142857144,0.974373201938604,1.2087273428337155,1.2857142857142858,2020-03-26,43.75
1.0,0.9909088286238128,1.2767809367502008,1.3923267326732671,2020-03-25,40.4
1.0,0.9942993265192231,1.3255434951505802,1.5120967741935485,2020-03-24,37.2
0.9738219895287958,0.9805049390672884,1.22045789476293,1.4725130890052356,2020-03-23,38.2
0.8483466362599772,0.8655808390101547,1.226217847685814,1.282782212086659,2020-03-20,43.85
0.8836104513064134,0.9008559110855764,1.3301255981017186,1.336104513064133,2020-03-19,42.1
0.8166849615806807,0.8291283897268351,1.236480459199826,1.234906695938529,2020-03-18,45.55
0.7741935483870969,0.7836620645574157,1.116954210893531,1.159209157127992,2020-03-17,48.05
0.7914893617021277,0.804397374839144,1.1319212948836934,1.1,2020-03-16,47.0
0.6946778711484595,0.6797821299221725,1.022092693820443,1.0,2020-03-13,53.55
0.7092469018112488,0.7125387383334782,1.026377662940008,1.0209723546234508,2020-03-12,52.45
0.6174273858921162,0.6317928105052815,1.00924850138793,1.0,2020-03-11,60.25
0.6148760330578513,0.6281556975907341,1.0251158204939912,1.0,2020-03-09,60.5
0.5548098434004475,0.5830898160107678,1.006803320850113,1.0,2020-03-06,67.05
0.5310492505353319,0.5632777405471796,1.0094120882519328,1.0,2020-03-05,70.05
0.5314285714285715,0.5638062553198424,1.0046030972113713,1.0007142857142857,2020-03-04,70.0
0.5109890109890111,0.5805559065362027,1.0083670663929305,1.0,2020-03-03,72.8
0.5399129172714079,0.6461994731543181,1.008923479054648,1.0566037735849054,2020-03-02,68.9
0.5387400434467777,0.6948735950057943,1.0137620612822802,1.054308472121651,2020-02-28,69.05
0.497991967871486,0.6105259049604128,1.02060365326366,1.0,2020-02-27,74.7
0.4907651715039578,0.6371552127700144,1.0214219840084469,1.0,2020-02-26,75.8
0.4778420038535646,0.6263999459543397,1.0222830660319449,1.0,2020-02-25,77.85
0.4714828897338403,0.6100088283503082,1.0300099776650056,1.0,2020-02-24,78.9
0.5156154317207593,0.5872452857610364,1.0398575203054108,1.0,2020-02-20,81.65
0.5109223300970873,0.5833001269806612,1.0248376079057275,1.0,2020-02-19,82.4
0.5175169022741242,0.5983750283375953,1.0489895962626838,1.0129071911493548,2020-02-18,81.35
0.6042626728110599,0.5924131422453223,1.0447605836034943,1.0,2020-02-13,86.8
0.5984027381631489,0.5866832622260798,1.0389264375839882,1.0,2020-02-12,87.65
0.577961432506887,0.5725670257524862,1.037354261354936,1.0,2020-02-11,90.75
0.6639118457300276,0.5726098873366106,1.0397608093637924,1.0,2020-02-10,90.75
0.744173140954495,0.5871968305826678,1.0494461760500942,1.007214206437292,2020-02-07,90.1
0.7525252525252525,0.6117683403600986,1.0608914065315056,1.0185185185185186,2020-02-06,89.1
0.7584841628959276,0.6726430914210206,1.0429064651592488,1.0265837104072395,2020-02-05,88.4
0.7960716348931255,0.7007346401410135,1.0433163185086414,1.048526863084922,2020-02-04,86.55
0.8236700537955768,0.7595853949385638,1.0335622200492531,1.0848774656306035,2020-02-03,83.65
0.7038735983690112,0.6704647179551442,1.0067723576266143,1.0,2020-01-30,98.1
0.7089322381930184,0.6822724016040183,1.010357969727274,1.0071868583162216,2020-01-29,97.4
0.8222344523940562,0.8023735929658924,1.0807925330878407,1.079801871216291,2020-01-28,90.85
0.8221258134490238,0.7896653515177712,1.0538473139061515,1.063991323210412,2020-01-27,92.2
0.9130190796857464,0.8440026978101725,1.077866161713499,1.101010101010101,2020-01-24,89.1
0.931310818546079,0.8775855240593542,1.0930344541400454,1.1230681167716086,2020-01-23,87.35
0.9593160377358492,0.9076099145131912,1.185996198032978,1.1568396226415094,2020-01-22,84.8
0.946480511925538,0.8965788121350977,1.1266928137154255,1.1413612565445026,2020-01-21,85.95
0.9478753541076488,0.8947124557052439,1.0655784818750098,1.111614730878187,2020-01-16,88.25
0.9409448818897638,0.8896747362200503,1.0856963438347234,1.1034870641169852,2020-01-15,88.9
0.9299610894941636,0.8896041563993542,1.1026666785276726,1.0906058921623123,2020-01-14,89.95
0.9097335508428496,0.8807114047743247,1.0428938817595972,1.066884176182708,2020-01-13,91.95
0.9478753541076488,0.9381370844111054,1.0679915166668483,1.111614730878187,2020-01-10,88.25
0.991701244813278,0.9712268587784983,1.1210347906444122,1.163011262596325,2020-01-09,84.35
1.0,0.9950399105806268,1.1651839955211547,1.252074026802808,2020-01-08,78.35
0.981829573934837,0.9821184335878284,1.184548901158107,1.2293233082706767,2020-01-07,79.8
0.991772151898734,0.9856099061780456,1.163396183923899,1.241772151898734,2020-01-06,79.0
0.9405762304921969,0.9399583717018862,1.0979467056830237,1.177671068427371,2020-01-03,83.3
0.9439759036144576,0.944353295289452,1.137989292105459,1.1819277108433734,2020-01-02,83.0
1.0,0.9995408834876708,1.2701044204705811,1.308260577568838,2019-12-30,74.45
1.0,1.0034578057848966,1.2907895875210744,1.2417285617825795,2019-12-27,74.05
1.0,1.0035027456755068,1.2499842856244412,1.2484725050916496,2019-12-26,73.65
1.0,1.006102178759641,1.2655503983063272,1.2552901023890786,2019-12-24,73.25
0.9898648648648648,0.9905072479100644,1.1988498506662857,1.2425675675675676,2019-12-23,74.0
0.9885290148448044,0.9828720834563336,1.1982632797601276,1.2408906882591095,2019-12-19,74.1
0.9753661784287616,0.9633720860965704,1.1714682365053568,1.2243675099866846,2019-12-18,75.1
0.9519168291098116,0.9471031201206156,1.1673856654354298,1.1949317738791423,2019-12-17,76.95
0.973421926910299,0.9564636615002664,1.1837211426113476,1.2219269102990034,2019-12-16,75.25
0.984543010752688,0.9625008324082196,1.1706332198704965,1.1861559139784943,2019-12-13,74.4
1.0,0.9723759586876748,1.209322725455536,1.2138927097661625,2019-12-12,72.7
1.0,0.9778693009954336,1.1502709984140025,1.23340321453529,2019-12-11,71.55
0.9951321279554936,0.97490187115032,1.1837298598788295,1.1731571627260082,2019-12-10,71.9
0.9835051546391752,0.9636688994185136,1.179546491996225,1.145017182130584,2019-12-09,72.75
0.958472873409243,0.9359469061226584,1.2050939683093174,1.1158740790354988,2019-12-06,74.65
0.9232258064516128,0.904863040964984,1.12498704358878,1.0748387096774192,2019-12-05,77.5
0.9120458891013384,0.8997105004004786,1.1493799608740076,1.0618228170809432,2019-12-04,78.45
0.909148665819568,0.8965459047191002,1.1154071429520889,1.0546378653113089,2019-12-03,78.7
0.8866171003717471,0.8763270508135657,1.0816216715866522,1.0,2019-12-02,80.7
0.8693803159173754,0.8615337322153689,1.0663168834754688,1.0,2019-11-29,82.3
0.9149616368286444,0.933126758680396,1.0676142425967792,1.0524296675191815,2019-11-26,78.2
0.9286177806619078,0.938557604025362,1.084044751610917,1.0681375730045426,2019-11-25,77.05
0.9451783355350064,0.9527668207391146,1.089339761079453,1.0871862615587846,2019-11-22,75.7
0.933463796477495,0.9431246743052132,1.099987907204104,1.0737116764514023,2019-11-21,76.65
0.9120458891013384,0.9206684148199052,1.048014918552708,1.0490758444869344,2019-11-20,78.45
0.9178960872354072,0.922210525233618,1.0290474388840216,1.055805003207184,2019-11-19,77.95
0.9034090909090908,0.910979298743788,1.017746189328944,1.039141414141414,2019-11-18,79.2
0.8866171003717471,0.89895743491981,1.0622433066271784,1.019826517967782,2019-11-14,80.7
0.8646525679758308,0.8727122087520032,1.043521285064699,1.0,2019-11-13,82.75
0.8741217798594848,0.8622295033735157,1.0664129406652854,1.06615925058548,2019-11-07,85.4
0.8913432835820896,0.8848493793152077,1.1043517603611712,1.0871641791044775,2019-11-06,83.75
0.91040288634997,0.8914766443370217,1.0792940563626794,1.095009019843656,2019-11-05,83.15
0.8953282081608517,0.8834532583017258,1.1054106205591636,1.0768775872264933,2019-11-04,84.55
0.8843457943925235,0.8867168616848125,1.0668329616113823,1.0636682242990654,2019-11-01,85.6
0.9305470190534728,0.925831320579845,1.1213877145985878,1.119237861094038,2019-10-31,81.35
0.9322660098522167,0.9308406511678416,1.0921134680405584,1.1213054187192115,2019-10-30,81.2
0.942128189172371,0.9335150189194812,1.1173448173744704,1.133167392657125,2019-10-29,80.35
0.9643312101910828,0.9563656932793716,1.1312951807637477,1.159872611464968,2019-10-24,78.5
0.9576217583807716,0.9631267090426692,1.1259269016285052,1.1518026565464896,2019-10-23,79.05
0.9733333333333334,0.9581562974322152,1.0970149734153292,1.1561904761904762,2019-10-22,78.75
1.0,0.9754688467849728,1.1107201719469906,1.1778783958602843,2019-10-18,77.3
1.0,0.9858871594026754,1.148667152130224,1.202774108322325,2019-10-17,75.7
1.0,0.9870945150059576,1.213579275926492,1.2663421418636995,2019-10-16,71.9
1.0,0.9870206234745976,1.1778302897116013,1.280590717299578,2019-10-15,71.1
1.0,0.9970753130428532,1.2767302255241124,1.3226744186046513,2019-10-10,68.8
0.975886524822695,0.9680822910340382,1.1941351043637527,1.2907801418439715,2019-10-09,70.5
1.0,0.989305623383642,1.2191918441229197,1.258823529411765,2019-10-07,68.0
0.9437890353920888,0.9321475130113686,1.1394044979123872,1.188063844552394,2019-10-04,72.05
0.930232558139535,0.918802542703086,1.1731246252363083,1.170998632010944,2019-10-03,73.1
0.9226594301221168,0.9153741030065748,1.173080450008693,1.103799185888738,2019-10-01,73.7
0.8745980707395499,0.8630198758075982,1.058496457810092,1.0443729903536978,2019-09-30,77.75
0.8037825059101655,0.7872018702586052,1.007920010917725,1.0,2019-09-27,84.6
0.7825086306098964,0.7634562367420692,1.0206622088564563,1.0,2019-09-26,86.9
0.7906976744186046,0.780234841057031,1.0037622136543558,1.01046511627907,2019-09-25,86.0
0.7666290868094701,0.7760566136642153,1.001784750438818,1.0,2019-09-24,88.7
0.7509663169519603,0.7546290553040369,1.0014515154300536,1.0,2019-09-23,90.55
0.7727272727272727,0.7829927916492354,1.013466298511627,1.0289772727272728,2019-09-20,88.0
0.8302808302808302,0.87049419556397,1.0517467090574109,1.1056166056166057,2019-09-19,81.9
0.7902382335851249,0.8417322539156136,1.0323966739409405,1.052295177222545,2019-09-18,86.05
0.7888631090487239,0.8442236720427045,1.0176193301190246,1.05046403712297,2019-09-17,86.2
0.7347379794705565,0.7831437416789309,1.0251600603488262,1.0,2019-09-16,92.55
0.7865818392134182,0.8477521437402322,1.0948598008195334,1.070561017929439,2019-09-13,86.45
0.7916181606519208,0.8550427569157266,1.0968122368494333,1.0774155995343422,2019-09-12,85.9
0.7780320366132722,0.8434692838068023,1.0252158695994318,1.058924485125858,2019-09-09,87.4
0.8220193953223045,0.8495744574248798,1.0331819075225868,1.0559041642897888,2019-09-06,87.65
0.8377906976744186,0.8726932823284903,1.061694412578237,1.0761627906976745,2019-09-05,86.0
0.8597852028639618,0.8831643265759153,1.0639489066760102,1.1044152744630071,2019-09-04,83.8
0.8839177750906891,0.890185171275192,1.0901927291832416,1.119105199516324,2019-09-03,82.7
0.975,0.8665660030567788,1.0855354743687209,1.101785714285714,2019-08-30,84.0
1.0,0.9040586523951676,1.2226446483457147,1.1678233438485803,2019-08-29,79.25
0.9850839030453696,0.89146842134578,1.1356203763390622,1.1504039776258546,2019-08-28,80.45
0.9491017964071856,0.864974929908612,1.0837124704698702,1.108383233532934,2019-08-27,83.5
1.0,0.9698318547095652,1.2327723024822677,1.329741379310345,2019-08-26,69.6
1.0,0.9863461626518214,1.381153511433853,1.4315545243619487,2019-08-23,64.65
1.0,0.9944865236752504,1.3335959093696197,1.458628841607565,2019-08-22,63.45
0.9229090909090908,0.9271908516058038,1.3164220162985063,1.346181818181818,2019-08-21,68.75
0.8806384455239418,0.893497187463798,1.177058508221206,1.2845246356696738,2019-08-20,72.05
0.8650306748466259,0.8728321087801547,1.1460177714710795,1.261758691206544,2019-08-19,73.35
0.8650306748466259,0.8724322598193104,1.1799954589773007,1.1949556918882074,2019-08-16,73.35
0.8886554621848739,0.8824285355736872,1.1413852686255004,1.227591036414566,2019-08-14,71.4
0.8924050632911393,0.883380109747913,1.2206567960697703,1.2327707454289734,2019-08-13,71.1
0.881862404447533,0.8803550717378996,1.1532011654773506,1.2182070882557332,2019-08-09,71.95
0.8905263157894737,0.9053473738489056,1.2582336811387755,1.2301754385964914,2019-08-08,71.25
0.9044903777619386,0.9248121603744706,1.2740037875748684,1.2494654312188167,2019-08-07,70.15
0.8715659340659342,0.8948127035517142,1.162070044539428,1.1813186813186811,2019-08-06,72.8
0.9096774193548388,0.9308728512240584,1.2366135052705491,1.2043010752688172,2019-08-05,69.75
0.9591836734693876,0.959951889507804,1.2814429349201084,1.2698412698412698,2019-08-02,66.15
0.9188993482983346,0.9210118806453712,1.2919521111210848,1.216509775524982,2019-08-01,69.05
0.8917779339423753,0.8970971293180161,1.2294274863989545,1.1806043569922695,2019-07-31,71.15
0.828870019595036,0.8347860198391168,1.1689200030616336,1.0907903331156108,2019-07-30,76.55
0.7567084078711986,0.7442314654196167,1.0020087143332432,1.0,2019-07-29,83.85
0.7442815249266862,0.7235955724538774,1.0126993368088928,1.0,2019-07-26,85.25
0.7473498233215548,0.7340512122784841,1.0238030946289187,1.0041224970553593,2019-07-25,84.9
0.7403733955659276,0.7223374880192843,1.0040454663108636,1.0,2019-07-24,85.7
0.7202043132803633,0.7137341303704852,1.0033096268757913,1.0,2019-07-23,88.1
0.7249315068493152,0.7038360119674067,1.0061191744524238,1.0,2019-07-22,91.25
0.7040979244278872,0.7144881366537907,1.012758451088212,1.0,2019-07-19,93.95
0.6872727272727274,0.7255168908023255,1.0093357441269284,1.0,2019-07-18,96.25
0.6685194542698333,0.7119254448136545,1.0081566963091704,1.0,2019-07-17,98.95
0.6685194542698333,0.7114781930752319,1.018129089841463,1.0,2019-07-16,98.95
0.6729399796541201,0.7202317976931414,1.0079816489053304,1.0066124109867751,2019-07-15,98.3
0.6624937406109165,0.7220536959305359,1.0064289743140966,1.0,2019-07-12,99.85
0.6498035363457761,0.715065797059947,1.022116107304491,1.0,2019-07-11,101.8
0.6520453425332676,0.7354946122959971,1.0049386631626442,1.0034499753573187,2019-07-10,101.45
0.6491658488714426,0.7347237502104722,1.0059120535210304,1.0,2019-07-09,101.9
0.6533333333333334,0.7612202331972049,1.0208560046737107,1.0064197530864198,2019-07-08,101.25
0.620253164556962,0.7299283153458269,1.0062852379873548,1.0,2019-07-05,106.65
0.6132326820603907,0.7016115840520925,1.0055426274883368,1.0,2019-07-02,112.6
0.6208551483420595,0.6938616704356073,1.01077378881265,1.0,2019-07-01,114.6
0.7879350348027843,0.748269795945729,1.0587601666136406,1.0635730858468675,2019-06-28,107.75
0.8206863218946351,0.788724735534909,1.0642756452885993,1.1077815369743838,2019-06-27,103.45
0.8422619047619049,0.8246211912446433,1.1718741445244858,1.136904761904762,2019-06-26,100.8
0.8414271555996036,0.8170902597403578,1.1120376918812147,1.1357779980178393,2019-06-25,100.9
0.8422604422604423,0.8105213898858745,1.1040047895984593,1.1262899262899262,2019-06-24,101.75
0.9024975984630164,0.7789288813533986,1.155562529136702,1.100864553314121,2019-06-21,104.1
0.9242498770290212,0.8169816307192443,1.118480572099685,1.1273979340875553,2019-06-20,101.65
0.9283596837944664,0.8255864184679509,1.119546876545734,1.1324110671936758,2019-06-19,101.2
0.905456255879586,0.7956526039956786,1.0931829132992954,1.0780809031044214,2019-06-18,106.3
0.8948566226672736,0.83433949316593,1.043019197272987,1.0432407828857533,2019-06-17,109.85
0.8793483047115808,0.7764566842955081,1.0346231757867184,1.0092470277410832,2019-06-14,113.55
0.8716717590571802,0.7668845515157476,1.0239295987890815,1.0004364906154517,2019-06-13,114.55
0.8426160337552742,0.7478280974749605,1.027586008926629,1.0,2019-06-12,118.5
0.84,0.7416107036905866,1.0197187301174682,1.0,2019-06-11,120.0
0.8218507949449653,0.7427276135558958,1.0015923155287034,1.0,2019-06-10,122.65
0.8148746968472109,0.7680052417973919,1.004837299945856,1.0,2019-06-07,123.7
0.8083400160384924,0.7766962427817261,1.0172578456460584,1.0,2019-06-06,124.7
0.7774778249132278,0.7792001980771459,1.0049983721344784,1.0,2019-06-04,129.65
0.8038277511961722,0.8127688107649085,1.0099584399103625,1.033891547049442,2019-06-03,125.4
0.7912087912087912,0.8124445417476602,1.028086905416916,1.0176609105180534,2019-05-31,127.4
0.7674153026265702,0.7909529587487927,1.0060655136808252,1.0,2019-05-30,131.35
0.7899686520376176,0.8269740342549499,1.0052881837899816,1.0293887147335423,2019-05-29,127.6
0.7610419026047566,0.801139125121368,1.0065377055222204,1.0,2019-05-28,132.45
0.8750540423692175,0.9172906842093582,1.1454889492478963,1.1738002594033723,2019-05-23,115.65
0.8788536691272253,0.9213471774607368,1.1654395849729426,1.178897090751194,2019-05-22,115.15
0.876949740034662,0.92194156391954,1.1466199255105152,1.1763431542461005,2019-05-21,115.4
0.8572638712409997,0.8956944556848803,1.0713982206452628,1.1499364675984751,2019-05-20,118.05
1.0,0.9476621829361166,1.24832562808053,1.2363387978142075,2019-05-17,109.8
0.9972752043596732,0.9437891201614396,1.248492743509242,1.2329700272479565,2019-05-16,110.1
0.9954669084315504,0.92597696537763,1.2028871502013758,1.2307343608340888,2019-05-15,110.3
0.9914221218961624,0.916726857255937,1.21945566028312,1.2257336343115124,2019-05-14,110.75
0.9995448338643604,0.9300348655429442,1.2135932276559742,1.2357760582612654,2019-05-13,109.85
0.9384615384615383,0.8731335682611827,1.1438073663623305,1.1602564102564104,2019-05-10,117.0
0.932484076433121,0.8659275989062205,1.1240729308154571,1.1528662420382163,2019-05-09,117.75
0.9176765566234852,0.8507097406618573,1.0986663556573246,1.1345591307981613,2019-05-08,119.65
0.9029605263157896,0.8408733166338644,1.047613040602248,1.1163651315789471,2019-05-07,121.6
0.846242774566474,0.8017259875427947,1.0224102755617466,1.046242774566474,2019-05-06,129.75
0.8679841897233201,0.8382243255172486,1.0267675546855088,1.0731225296442688,2019-05-03,126.5
0.9142381348875936,0.8808197946284615,1.131810419524886,1.130308076602831,2019-05-02,120.1
0.9751332149200712,0.9453910948265922,1.186127355396776,1.205595026642984,2019-04-30,112.6
0.8798076923076923,0.8453387867056301,1.0498709644969046,1.0396634615384617,2019-04-26,124.8
0.8672985781990521,0.8393357471944445,1.0506257876442553,1.0248815165876777,2019-04-25,126.6
0.8728139904610492,0.8379763874847634,1.068680524347444,1.0313990461049285,2019-04-24,125.8
0.8908722109533468,0.8581436434020162,1.076082438335128,1.052738336713996,2019-04-23,123.25
0.8829915560916768,0.8453391848140659,1.0947770972156614,1.043425814234017,2019-04-22,124.35
0.8449403616775684,0.8051752348028787,1.0365711487498916,1.0,2019-04-18,129.95
0.8143068939955522,0.77249527498288,1.0001657589618425,1.0,2019-04-16,134.9
0.803290676416819,0.7867488613702645,1.0213257108826193,1.0,2019-04-15,136.75
0.8227986846912678,0.7908250028676123,1.010887212586967,1.0,2019-04-12,136.85
0.8303834808259587,0.8057892227147676,1.042597533282562,1.0092182890855457,2019-04-11,135.6
0.8270290121189864,0.8013595292683391,1.017774859353664,1.005141388174807,2019-04-10,136.15
0.8258159149248258,0.8026844558026069,1.0305713968690002,1.0036670333700035,2019-04-09,136.35
0.8201019664967224,0.8137340567154876,1.021978862366923,1.0,2019-04-08,137.3
0.8014234875444839,0.8109969644275048,1.0095265584664574,1.0,2019-04-05,140.5
0.7882394119705985,0.7971698135826653,1.0233698482842577,1.0,2019-04-04,142.85
0.8221978824388463,0.8413680142305893,1.0293659726984523,1.0430814165753926,2019-04-03,136.95
0.8112391930835734,0.8285825079098996,1.0370701254702397,1.029178674351585,2019-04-02,138.8
0.8227986846912678,0.8425404683814215,1.0447497687331235,1.0438436244062843,2019-04-01,136.85
0.912624953720844,0.8611327408917191,1.0630098566716244,1.0577563865235098,2019-03-29,135.05
0.8921462178791169,0.8416100378120253,1.0114299865740746,1.0340209916757148,2019-03-28,138.15
0.9072506440927494,0.8584387280312753,1.0582201224449712,1.0515274199484723,2019-03-27,135.85
0.90691685062546,0.8581663209558805,1.0492405873717516,1.051140544518028,2019-03-26,135.9
0.905584129316679,0.8652913190468017,1.0645313865778188,1.0495958853783982,2019-03-25,136.1
0.9103327495621716,0.8329148378040305,1.0283833013589594,1.0007005253940455,2019-03-22,142.75
0.9109709078163336,0.8368089871558242,1.0279491872309412,1.0014020329477742,2019-03-20,142.65
0.8879398701742398,0.8164602803148104,1.0442417707528664,1.0,2019-03-19,146.35
0.9284239504473504,0.8271246667672987,1.0357414744287965,1.0072264280798346,2019-03-18,145.3
1.0,0.8991161951164237,1.1308399599103431,1.097899474868717,2019-03-15,133.3
0.9531641043975688,0.8555966563794932,1.0390868407966816,1.046478369681802,2019-03-14,139.85
0.984490398818316,0.8864311927108721,1.1411222369532912,1.080871491875923,2019-03-13,135.4
1.0,0.9634539931524224,1.1248656721083132,1.1309891808346213,2019-03-12,129.4
1.0,0.9949081380107694,1.2225997308276322,1.2616379310344827,2019-03-11,116.0
1.0,0.9976958163889718,1.199251695986205,1.2649092480553157,2019-03-08,115.7
0.977195945945946,0.9790618754495451,1.1795687589841348,1.236064189189189,2019-03-07,118.4
0.944875459371172,0.9503455714485736,1.0932809568375816,1.1951817068191095,2019-03-06,122.45
0.9809241203899958,0.9861583196424848,1.1979333659576166,1.2407799915218312,2019-03-05,117.95
1.0,0.998844430234279,1.1553347618249168,1.2815236427320489,2019-03-01,114.2
1.0,1.0012725783558805,1.288430572468451,1.3292461398728428,2019-02-28,110.1
1.0,0.9988071139831258,1.24603065745736,1.350092250922509,2019-02-27,108.4
0.9774571686203788,0.9833867356603492,1.2759988989412128,1.3196573489630297,2019-02-26,110.9
0.9504603244191144,0.9574905193058248,1.182669588354618,1.2832091188075403,2019-02-25,114.05
0.9434290687554396,0.950726468379262,1.1888011614806504,1.273716275021758,2019-02-22,114.9
0.9726334679228352,0.9724177439473392,1.236181625976435,1.3131449080305069,2019-02-21,111.45
1.0,0.9962051527464192,1.268221305641274,1.365205223880597,2019-02-20,107.2
1.0,1.0084523149663935,1.27927506384011,1.395803528850739,2019-02-19,104.85
0.9606821411653246,0.9781069136783632,1.1768391471808937,1.324964471814306,2019-02-14,105.55
0.9620493358633776,0.9846241181444508,1.2091200993682747,1.3268500948766602,2019-02-13,105.4
0.9620493358633776,0.9771128613427268,1.312807405605875,1.3268500948766602,2019-02-12,105.4
0.9859017987360236,0.9886985355328942,1.3071766043736504,1.3164803111327177,2019-02-11,102.85
0.9362880886426592,0.94990200944343,1.1935684453721993,1.130655586334257,2019-02-08,108.3
0.9106421194431972,0.9299220863989752,1.1013196749948355,1.0996856757970364,2019-02-07,111.35
0.975,0.9921149286977392,1.3442040430680138,1.177403846153846,2019-02-06,104.0
0.8802083333333334,0.9091765735246052,1.1901090710961006,1.0629340277777777,2019-02-04,115.2
0.8871391076115487,0.9150968091387766,1.1954537448165783,1.0078740157480317,2019-02-01,114.3
0.9041462327240304,0.9259426943310554,1.2437833671180092,1.0271957200178332,2019-01-31,112.15
0.9485500467726848,0.974683877516157,1.2441743471748343,1.0776426566884938,2019-01-30,106.9
0.9485500467726848,0.9658620230856232,1.1724276423691151,1.0776426566884938,2019-01-29,106.9
0.9525598872710191,0.9629950532797252,1.1337586126228771,1.0821982151244716,2019-01-28,106.45
0.906166219839142,0.9224808660025384,1.068496676260912,1.029490616621984,2019-01-25,111.9
0.8677792041078306,0.8838440599786808,1.0436720192188544,1.0,2019-01-24,116.85
0.8589580686149937,0.8783302705418783,1.0403567619275556,1.0,2019-01-23,118.05
0.8674080410607357,0.8837586337694336,1.0494418350472874,1.0098374679213002,2019-01-22,116.9
0.8287560581583199,0.8332174965199908,1.0129633494083856,1.0,2019-01-17,123.8
0.8059701492537313,0.8327371046584682,1.0023688578219123,1.0,2019-01-16,127.3
0.8271009248090069,0.8721390672003424,1.0278010192745812,1.0237233614796943,2019-01-15,124.35
0.8682988602785985,0.9138739505496494,1.0811850635590832,1.0747150696496413,2019-01-14,118.45
0.8776371308016878,0.9131005562613091,1.055538719157782,1.0742616033755277,2019-01-11,118.5
0.8996539792387543,0.9391134552968692,1.1062759101562898,1.1012110726643598,2019-01-10,115.6
0.9445958219800182,0.9683808024788142,1.1468528406516507,1.15622161671208,2019-01-09,110.1
0.933572710951526,0.9614297713359324,1.1439273316853162,1.1427289048473968,2019-01-08,111.4
0.9348314606741572,0.9651008685241738,1.1370829875347253,1.1442696629213482,2019-01-07,111.25
0.9577147998200628,0.9665585796629244,1.1411425965209578,1.1452991452991452,2019-01-04,111.15
0.9650951949229376,0.96799086407791,1.1244272816717384,1.1541251133272892,2019-01-03,110.3
0.9453818827708704,0.94495207156687,1.1056741172851028,1.130550621669627,2019-01-02,112.6
0.9666374012291484,0.9377203253553016,1.1217524661011522,1.1176470588235294,2018-12-28,113.9
0.9914452949122016,0.953539221236985,1.120600406562423,1.1463304817649709,2018-12-27,111.05
1.0,0.9593891440847088,1.137336800855394,1.1567469332121765,2018-12-26,110.05
1.0,0.975016921428868,1.133226085830618,1.1646843549862762,2018-12-24,109.3
0.9570928196147108,0.9370847763791365,1.0801523088964904,1.114711033274956,2018-12-21,114.2
0.965547703180212,0.9413802632115652,1.0816752580424869,1.1245583038869258,2018-12-20,113.2
0.9406196213425128,0.9149627236093744,1.0854176951972916,1.09552495697074,2018-12-19,116.2
0.949609035621199,0.9233206733976428,1.1328413223109548,1.105994787141616,2018-12-18,115.1
0.9968080255357956,0.9660681795113384,1.1134578476040926,1.160966712266302,2018-12-17,109.65
1.0,0.9812299048315336,1.159176282982426,1.1345141215892771,2018-12-14,104.45
1.0,0.9976040791331132,1.187415462743099,1.190954773869347,2018-12-13,99.5
1.0,1.001828113112837,1.265831138695673,1.2486828240252896,2018-12-12,94.9
1.0,1.026272447223031,1.3534848273765543,1.3495934959349594,2018-12-10,86.1
0.959866220735786,0.9820347074215896,1.3800134560370716,1.2954292084726868,2018-12-07,89.7
0.9303079416531604,0.953950348215934,1.3756637926806323,1.2555375472717452,2018-12-06,92.55
0.8799182422074604,0.8850182734298149,1.1228667820152651,1.1875319366377108,2018-12-03,97.85
0.8670694864048338,0.8614722576810343,1.1234847868602145,1.1701913393756294,2018-11-30,99.3
0.845360824742268,0.8395393416910633,1.10037375384538,1.1408934707903782,2018-11-29,101.85
0.8227424749163879,0.8303288702747162,1.0202330219051616,1.1103678929765886,2018-11-28,104.65
0.8486939379004435,0.9074124041846788,1.066483914498493,1.1453918186298668,2018-11-27,101.45
0.8196097096620657,0.851582982733986,1.029704648963414,1.1061399333650643,2018-11-26,105.05
0.7899082568807339,0.8359494306472761,1.030935742069076,1.0660550458715596,2018-11-20,109.0
0.754601226993865,0.8022568872702904,1.024158196550368,1.0184049079754602,2018-11-19,114.1
0.7422413793103447,0.7877305390070601,1.00622042002317,1.0,2018-11-16,116.0
0.7169025811823481,0.7685802100223895,1.001449279570504,1.0,2018-11-15,120.1
0.6991473812423873,0.7607134664073705,1.0051669940766814,1.0,2018-11-14,123.15
0.702283849918434,0.768487942939607,1.0145653991903334,1.0044861337683524,2018-11-13,122.6
0.8106642566651604,0.8849621196204078,1.0753540757074935,1.1129688206055128,2018-11-07,110.65
0.8436645396536007,0.89073059782725,1.1193011122006236,1.1226071103008204,2018-11-06,109.7
0.8276310090948462,0.8364322579450525,1.0132948245283195,1.0666955391944566,2018-11-05,115.45
0.8223602484472049,0.794465871557896,1.0036404349443693,1.0198757763975157,2018-11-02,120.75
0.9497847919655668,0.922837066848904,1.181049491784549,1.1779053084648494,2018-10-31,104.55
1.0,0.9575491530064746,1.3307077501010092,1.2956338769068911,2018-10-30,95.05
0.7750588235294117,0.7984494216765619,1.098562059475096,1.159058823529412,2018-10-19,106.25
0.7005529561888558,0.69037958518012,1.0313256961263697,1.0476393024245003,2018-10-16,117.55
0.7117545375972342,0.7274971707482989,1.0468269574644602,1.064390665514261,2018-10-15,115.7
0.7026450511945392,0.739900905043553,1.0437669221277437,1.0302901023890785,2018-10-12,117.2
0.7375727720555306,0.8164649110393094,1.1080503281221603,1.0815047021943571,2018-10-11,111.65
0.4648873331874863,0.4218752297989843,1.0156414301864498,1.0,2018-09-19,228.55
0.4702042535270583,0.4074636193266399,1.015833906098606,1.0,2018-09-18,237.45
0.4595595801605269,0.4127016539101937,1.0127732712402244,1.0,2018-09-17,242.95
0.4467787114845938,0.4086267285242915,1.0142749743408843,1.0,2018-09-14,249.9
0.4538617886178862,0.451379301998277,1.0155745684224613,1.0158536585365854,2018-09-12,246.0
0.453125,0.4693810845016375,1.0176134500662293,1.0142045454545454,2018-09-11,246.4
0.458984375,0.4471749680428387,1.015627276037436,1.0,2018-09-10,256.0
0.5244019138755981,0.4790150197639575,1.009204897593644,1.0,2018-09-07,261.25
0.5228009921770654,0.5164188469614239,1.0183753219816611,1.0,2018-09-06,262.05
0.5094830792116029,0.5307514045470081,1.018496289705738,1.0,2018-09-05,268.9
0.5509073543457497,0.5921714961594853,1.037449350397564,1.027316141356256,2018-09-04,261.75
0.6285286969527014,0.6241926776884221,1.06075332858114,1.011030099083941,2018-08-30,267.45
0.6348187311178247,0.6438295603635349,1.059582928100909,1.0211480362537764,2018-08-29,264.8
0.6902067889192353,0.6790321422240726,1.0640365622486971,1.055013655872025,2018-08-28,256.3
0.7221252666278843,0.666001957295052,1.0621059658581762,1.048671708357572,2018-08-27,257.85
0.8230054955467121,0.6657129621591873,1.0530070374367402,1.0248247110100437,2018-08-24,263.85
0.8092043972424072,0.6709141752797327,1.0387674186936346,1.0076392770635365,2018-08-23,268.35
0.8810717039321513,0.7278274674891867,1.0431915975971342,1.0424055512721666,2018-08-21,259.4
0.8780253553592009,0.7418281396240527,1.0226060861479491,1.0388013830195926,2018-08-20,260.3
0.9666011787819252,0.7816246461261331,1.091833018509144,1.062475442043222,2018-08-17,254.5
0.975222993062438,0.8011158973114205,1.1041664946376084,1.0719524281466797,2018-08-16,252.25
0.9463358338141952,0.7785229921460834,1.0741927706729684,1.0402000384689365,2018-08-14,259.95
0.9385730637161388,0.7893165134683064,1.0448197441559748,1.031667302556276,2018-08-13,262.1
0.9481300507423416,0.7975600254098909,1.0225669819359495,1.016350310092088,2018-08-10,266.05
0.9931102362204725,0.8629074102084462,1.0653978984588193,1.0645669291338582,2018-08-09,254.0
1.0,0.8902915036392032,1.0823528860279108,1.0777202072538858,2018-08-08,250.9
0.96240889911776,0.871940132358525,1.0476654380956631,1.0372075182201763,2018-08-07,260.7
0.9143586005830904,0.8438147040993325,1.0443971742976126,1.0,2018-08-06,274.4
0.8971929197210801,0.8546381186450787,1.02173769321678,1.0,2018-08-03,279.65
0.9344506517690876,0.9125471112008732,1.0596168694769603,1.0415270018621974,2018-08-02,268.5
0.9787400039009166,0.9690784750175966,1.0590632069007588,1.0908913594694751,2018-08-01,256.35
0.9627782041442824,0.9625955791287956,1.0576119011935687,1.0731005372217957,2018-07-31,260.6
0.9899388439534426,0.9923972973720352,1.1018980696826537,1.1033734464391398,2018-07-30,253.45
1.0,1.005038357638071,1.096032923165653,1.1562952243125904,2018-07-27,241.85
1.0,1.0036915895311975,1.0922668992289208,1.1907600596125183,2018-07-26,234.85
0.9959711620016964,1.0008879631899426,1.0829380250476492,1.1859626802374892,2018-07-25,235.8
1.0,1.0027991048738545,1.1564849362747676,1.245102404274265,2018-07-24,224.6
1.0,1.0100569391639334,1.1922696965310515,1.3070810937134845,2018-07-23,213.95
0.9891354600092463,1.0012717248603098,1.214489743504541,1.2928802588996762,2018-07-20,216.3
1.0,1.0008035286687575,1.2062386337477555,1.314144736842105,2018-07-19,212.8
0.9950900163666122,0.9918159421464126,1.206630924046031,1.3076923076923077,2018-07-18,213.85
0.9600721858786376,0.9556316065570604,1.1751900024528843,1.2616738100609066,2018-07-17,221.65
1.0,0.9950809220103446,1.1955773474307598,1.3247276172430127,2018-07-16,211.1
0.95004500450045,0.951379845458815,1.142490729068721,1.2585508550855085,2018-07-13,222.2
0.907761771662008,0.915083886957617,1.1610176342152645,1.2025370887981075,2018-07-12,232.55
0.9361419068736142,0.9414053013843436,1.1797550999782702,1.2401330376940132,2018-07-11,225.5
0.9746075715604802,0.9730991986739032,1.2265855023061134,1.291089566020314,2018-07-10,216.6
1.0,0.9964839397165028,1.275331135208545,1.346413095811266,2018-07-09,207.7
0.9897545866094828,0.9882613632632772,1.2393628041520688,1.332618537050274,2018-07-06,209.85
1.0,1.0035955867701425,1.3026009350398975,1.398599649912478,2018-07-05,199.95
0.9248381128584644,0.923240710984957,1.2556561894062062,1.2053654024051803,2018-07-02,216.2
0.9074200136147038,0.908584871210619,1.1494155719584644,1.0975720444746992,2018-06-29,220.35
0.9259087751794396,0.9231582150226372,1.1910286510288095,1.119935170178282,2018-06-28,215.95
0.9161512027491407,0.9146542193796408,1.206179113049219,1.1081328751431845,2018-06-27,218.25
0.9057757644394112,0.9073634533756988,1.1564601725844748,1.0681766704416762,2018-06-26,220.75
0.9004728664715154,0.914805097778441,1.1924511123192931,1.061922990317496,2018-06-25,222.05
0.8874833555259652,0.906657613950347,1.1634082825128915,1.032179316466933,2018-06-22,225.3
0.91051912568306,0.9158006355238288,1.275476230878968,1.0589708561020037,2018-06-21,219.6
0.8976430976430976,0.9015544398902228,1.1081816494640822,1.0439955106621774,2018-06-20,222.75
0.9068027210884352,0.9167624166316332,1.115075287831775,1.0546485260770977,2018-06-19,220.5
0.8990557553956834,0.9098194062021948,1.1124533116333624,1.0456384892086332,2018-06-18,222.4
0.9010815682739972,0.9140086669891508,1.0455818164897144,1.04799459215863,2018-06-15,221.9
0.911349134001823,0.9239730744445236,1.0724023158715164,1.059936189608022,2018-06-14,219.4
0.905570652173913,0.9166910151640542,1.089067379162026,1.053215579710145,2018-06-13,220.8
0.8976430976430976,0.9071827115525964,1.0394368540326309,1.0439955106621774,2018-06-12,222.75
0.8814194401586951,0.8916583653062795,1.0303765605957746,1.0,2018-06-11,226.85
0.885910500664599,0.8901898812096194,1.0248161126215312,1.00509525919362,2018-06-08,225.7
0.8843432109685979,0.8874526517254573,1.054459240884519,1.0033171163202124,2018-06-07,226.1
0.9284885070814952,0.9228961939028472,1.0923553118647589,1.0534014395170652,2018-06-06,215.35
0.9088636363636364,0.9062589761042176,1.0934180438418708,1.0311363636363635,2018-06-05,220.0
0.9036925070179228,0.8603099270802512,1.033816515554108,1.0,2018-06-04,231.55
0.9073098799241628,0.8333826206990889,1.067969184658307,1.0,2018-06-01,237.35
0.8935684647302904,0.8249930734167379,1.0596797633067498,1.0,2018-05-31,241.0
0.79245630174793,0.7345956526390349,1.1665808693926056,1.0,2018-05-30,271.75
0.806252339947585,0.7504147364757852,1.1707634362139936,1.017409210033695,2018-05-29,267.1
0.8322705314009662,0.806510879510407,1.1743372472104954,1.0502415458937198,2018-05-24,258.75
0.8356616220411331,0.8345398873982908,1.1633834784443775,1.0545207605743112,2018-05-23,257.7
0.8213196033562167,0.8340369473130325,1.0381881305744474,1.036422578184592,2018-05-22,262.2
0.8415396639312231,0.8767495220223833,1.0497045983393285,1.061938257131692,2018-05-21,255.9
0.7961182994454713,0.8191178732941427,1.043566323872908,1.0046210720887243,2018-05-18,270.5
0.7586753567024836,0.7827853530034683,1.0111828276514505,1.0,2018-05-17,283.85
0.7652807391613362,0.7955593278406858,1.016876934126754,1.0087064676616917,2018-05-16,281.4
0.7499564687445587,0.784661301881753,1.018233263794257,1.0,2018-05-15,287.15
0.7450268119702473,0.7833867354013642,1.008648518016818,1.0,2018-05-14,289.05
0.720836820083682,0.7591732905239612,1.0042144118654834,1.0,2018-05-11,298.75
0.7464471403812825,0.7939713061864728,1.007118666439293,1.035528596187175,2018-05-10,288.5
0.7067607482769938,0.7518413180796983,1.0112646563919758,1.0,2018-05-09,304.7
0.6861558069141309,0.7467519640411595,1.0226902411015515,1.0,2018-05-08,313.85
0.6945653926786002,0.7627345621278869,1.0168354212873476,1.012256087727786,2018-05-07,310.05
0.7902447144997502,0.8074334800788288,1.0218479532862392,1.044947561178625,2018-05-04,300.35
0.8336845802599228,0.8552753933326029,1.054302809187813,1.102388479100808,2018-05-03,284.7
0.8009110848658679,0.816706447010848,1.026478219939997,1.0590517968618187,2018-05-02,296.35
0.8245529241179314,0.7657651297652468,1.0097944855933652,1.0112775898179476,2018-04-30,310.35
0.8821096173733195,0.8310373910176065,1.082149593442985,1.081868321268528,2018-04-27,290.1
0.9193461469373092,0.8634483599627454,1.1207981281591202,1.127537273217173,2018-04-26,278.35
0.9026455026455028,0.8487692249179022,1.1315080934056354,1.1070546737213405,2018-04-25,283.5
0.9079297498669504,0.8525373896051098,1.140562776050143,1.1135355685648394,2018-04-24,281.85
0.90552016985138,0.8632902941866754,1.1055305354067544,1.1105803255484783,2018-04-23,282.6
0.966934763181412,0.8939318993523198,1.118434283870219,1.1218945487042002,2018-04-20,279.75
0.9650374598644308,0.895726343979037,1.0989826904616835,1.1196931858722798,2018-04-19,280.3
1.0,0.9255345876907908,1.1890087872237725,1.173929306152983,2018-04-18,267.35
1.0,0.9511916531894988,1.1618863708671,1.1935729226088612,2018-04-17,262.95
1.0,0.963113452488218,1.1483115585357442,1.2108410493827162,2018-04-16,259.2
1.0,0.9692418416061894,1.1633887840748578,1.2566566566566568,2018-04-13,249.75
0.9910714285714286,0.9639588192337843,1.156626680717792,1.245436507936508,2018-04-12,252.0
0.979603843890959,0.9557416381873992,1.155995912100719,1.231025691312022,2018-04-11,254.95
0.9678356907576052,0.9434798811781706,1.14019232815457,1.216237163340438,2018-04-10,258.05
0.9541547277936964,0.9250416096787328,1.2037898816079011,1.1990448901623687,2018-04-09,261.75
1.0,0.9621004965993176,1.178367672360243,1.2438877755511022,2018-04-06,249.5
0.992442322991249,0.9592391332307008,1.169607103792639,1.2344868735083532,2018-04-05,251.4
1.0,0.9630008342293522,1.1618071365440323,1.2562234365513054,2018-04-04,247.05
0.9866214057507988,0.9540453149484808,1.164560576137727,1.2394169329073483,2018-04-03,250.4
1.0,0.963526459421922,1.1603454123146777,1.2590263691683572,2018-04-02,246.5
1.0,0.9813094547805544,1.2425111749345212,1.2120325882598706,2018-03-28,239.35
0.9882328654004956,0.9701405304889276,1.256264942245196,1.170520231213873,2018-03-27,242.2
1.0,0.976265811406769,1.2585177724500782,1.195193929173693,2018-03-26,237.2
0.9912244045131632,0.9667886896746138,1.2295741016120372,1.1713330547430003,2018-03-23,239.3
0.9491796718687474,0.9302376352958523,1.1756914644061174,1.1216486594637856,2018-03-22,249.9
0.9167149758454106,0.9068584050150168,1.1107721145377167,1.0832850241545895,2018-03-21,258.75
0.8984848484848484,0.8907288167435294,1.082079538697245,1.0617424242424245,2018-03-20,264.0
0.8863976083707025,0.8647103264801936,1.1513125381079912,1.0,2018-03-19,267.6
0.9084641899655304,0.8874673338875891,1.1684715329394448,1.0248946763692073,2018-03-16,261.1
0.9027592768791628,0.8802439232944437,1.1195782156073408,1.0184586108468126,2018-03-15,262.75
0.9657980456026058,0.9410197146049362,1.0885938715460968,1.0895765472312704,2018-03-14,245.6
0.9709373720835038,0.9572800822819052,1.1183437468319266,1.095374539500614,2018-03-13,244.3
0.9838241393612608,0.9626617119705831,1.1096153667850508,1.1099128992119454,2018-03-12,241.1
0.9785478547854785,0.9616079957546808,1.116652713149886,1.103960396039604,2018-03-09,242.4
0.985663827134843,0.9677454968893776,1.1236506554114063,1.111988364845211,2018-03-08,240.65
0.9572235673930588,0.9433010873857152,1.0970943036813303,1.0799031476997578,2018-03-07,247.8
0.8857356235997011,0.8644489319065327,1.0311229552934305,1.0,2018-03-06,267.8
0.9242158581726088,0.9185696752384238,1.0428357810008897,1.0434443795051629,2018-03-05,256.65
0.928194091175895,0.932457602928987,1.0382493300766882,1.047935824691841,2018-03-01,255.55
0.9172467130703787,0.9217618368043264,1.0345705985262517,1.0355761794276874,2018-02-28,258.6
0.9010446343779676,0.8984479201147026,1.0440364393946469,1.017283950617284,2018-02-27,263.25
0.8698203153648698,0.8629554899425695,1.0297323545181538,1.0,2018-02-26,272.7
0.8567848191908343,0.8477509129920056,1.0147394552720268,1.0,2018-02-23,279.3
0.864054883552988,0.8697476694795327,1.0396692953601303,1.0084852861527351,2018-02-22,276.95
0.854185257897555,0.8623193179373785,1.0835348223736905,1.0,2018-02-21,280.15
0.8545809659090908,0.8538147065844299,1.0745708738059103,1.0,2018-02-20,281.6
0.8554923569143263,0.877784082576236,1.0375166155176054,1.0053323853537148,2018-02-15,281.3
0.922914669223394,0.9289948353938356,1.084680489213982,1.0845637583892618,2018-02-14,260.75
0.9616383616383616,0.9557337350193976,1.1152560123838515,1.1300699300699302,2018-02-12,250.25
0.98344912137311,0.9673560984330114,1.1150398075687455,1.1557008581937067,2018-02-09,244.7
0.9944214876033058,0.9719345826504056,1.0982091578375257,1.168595041322314,2018-02-08,242.0
1.0,0.9833712279349192,1.1250393289499656,1.2044293015332197,2018-02-07,234.8
1.0,0.9822574322240348,1.1815992035145646,1.2253032928942809,2018-02-06,230.8
1.0,0.9869436348681784,1.1984129764236344,1.2715827338129495,2018-02-05,222.4
1.0,1.0027639989328612,1.2622194295308171,1.4744525547445255,2018-02-02,191.8
0.8659142212189617,0.8757148489464051,1.22008646660173,1.2767494356659144,2018-02-01,221.5
0.8417818740399386,0.8492818552282988,1.1725963401609594,1.241167434715822,2018-01-31,227.85
0.8297642223664288,0.8330188533992655,1.1512961982014926,1.2234479775037854,2018-01-30,231.15
0.8030144442118485,0.8056222933423121,1.0884014012681391,1.1840066987649154,2018-01-29,238.85
0.8219412899078637,0.8314796536129971,1.1695960180278495,1.2119134347546603,2018-01-25,233.35
0.794367363843446,0.8020889526484678,1.0916529808076347,1.171256989024643,2018-01-24,241.45
0.7555643096316723,0.7556312334702615,1.0236421940022264,1.114043726610203,2018-01-23,253.85
0.7438433197595501,0.7993885528181608,1.0247293872584478,1.0967616831491176,2018-01-22,257.85
0.7546724375368877,0.8216917129191375,1.0359178541781608,1.106826677159158,2018-01-19,254.15
0.765515865096787,0.7901021647671749,1.0541104486299313,1.122729994013171,2018-01-18,250.55
0.7191601049868767,0.7396689606155677,1.0470318996791792,1.0547431571053618,2018-01-17,266.7
0.7199699699699701,0.742109864158012,1.0359681058934929,1.055930930930931,2018-01-16,266.4
0.6744022503516175,0.7244158221002854,1.0393401071278774,1.0,2018-01-11,284.4
0.667943583492948,0.7284526740350377,1.0304502058997964,1.0,2018-01-10,287.15
0.662064204349327,0.7181514418562729,1.0381660210604926,1.0,2018-01-09,289.7
0.6499491697729584,0.7295811608307332,1.0309377132940645,1.0,2018-01-08,295.1
0.6911711711711712,0.8014058476704635,1.0532204747870333,1.0634234234234234,2018-01-05,277.5
0.688689407540395,0.8132546946049044,1.0482409212750905,1.0596050269299822,2018-01-04,278.5
0.686348183932725,0.8171256890141037,1.0296539548305843,1.056002862766148,2018-01-03,279.45
0.7898021037618114,0.8121009682459617,1.0307065972749982,1.0522374754858266,2018-01-02,280.45
0.841355687759149,0.8367368755816191,1.0413176400570323,1.0639985577789797,2017-12-28,277.35
0.8193469101123595,0.8084366813044488,1.0124248793495514,1.0361657303370786,2017-12-27,284.8
0.795195092860794,0.7805838755044685,1.0129653281400064,1.005622763673539,2017-12-26,293.45
0.858783204798629,0.7799496353412099,1.031867500089238,1.011482433590403,2017-12-22,291.75
0.8513421678559293,0.7715620451193781,1.0293488903546728,1.00271831464492,2017-12-21,294.3
0.8662057044079516,0.7946176808696963,1.0310628202170236,1.0202247191011238,2017-12-20,289.25
0.8520659751742901,0.8261674832924419,1.00835506576597,1.0035708212888963,2017-12-19,294.05
0.9487179487179486,0.8807765865836226,1.0521008477789533,1.050925925925926,2017-12-18,280.8
1.0,0.9278795470227617,1.106846570085812,1.1064866891638547,2017-12-15,266.7
1.0,1.0147191017683297,1.221196570954939,1.2923144296036786,2017-12-14,228.35
0.977107402652974,0.9934409229081164,1.213247262785624,1.26272999572101,2017-12-13,233.7
0.9725298126064736,0.9908163587980844,1.1883215305866943,1.256814310051107,2017-12-12,234.8
0.9632988820923856,0.984063840137578,1.2286943446151273,1.2448850453490825,2017-12-11,237.05
0.99455574912892,1.0104373211505182,1.215012272745289,1.281794425087108,2017-12-08,229.6
1.0,1.0256257121384302,1.41771216050467,1.4054441260744983,2017-12-07,209.4
1.0,1.031294879610006,1.348347353289755,1.439119804400978,2017-12-06,204.5
1.0,1.0197390401517945,1.3474658999098088,1.4565701559020043,2017-12-05,202.05
0.9992581602373888,1.019800941645668,1.3408081147054136,1.4554896142433236,2017-12-04,202.2
0.949483082706767,0.973766517364808,1.3216315057767527,1.3829887218045112,2017-12-01,212.8
0.9128077704992096,0.9429471277748772,1.1999413447412703,1.3295685565845947,2017-11-30,221.35
0.9559971611071684,0.982868604286742,1.2533055254809888,1.3924769339957417,2017-11-29,211.35
0.9765587240212664,0.9889024320759472,1.322640947104601,1.4224262928951183,2017-11-28,206.9
0.9875366568914956,0.9946396545043532,1.3150753978729772,1.43841642228739,2017-11-27,204.6
1.0,1.0164499214685292,1.316933196330192,1.4737105658487732,2017-11-24,199.7
0.9785025945144552,0.9898172662651598,1.2338240160291147,1.4544106745737584,2017-11-21,202.35
1.0,1.0094991454821591,1.2109018370761864,1.498343949044586,2017-11-20,196.25
1.0,1.0216209756540402,1.3057169369915247,1.4235388310648518,2017-11-17,187.35
1.0,1.0223277191007196,1.4649239345454157,1.4482758620689653,2017-11-16,184.15
0.9903199784888412,1.0158005719491472,1.337371778710517,1.4342565205700455,2017-11-15,185.95
0.9429083461341524,0.9723230145333936,1.2963446791868527,1.213773681515617,2017-11-14,195.3
0.9277078085642316,0.9570379813823596,1.33499276051348,1.194206549118388,2017-11-13,198.5
0.895671206225681,0.9255849141399062,1.3307767901053351,1.1167315175097277,2017-11-10,205.6
0.8948007774538387,0.929032455847904,1.266603974720957,1.1156462585034013,2017-11-09,205.8
0.899169921875,0.93222989437795,1.312969891002637,1.080810546875,2017-11-07,204.8
0.9022537971582558,0.923511112417292,1.1787142170831386,1.0845173934345909,2017-11-06,204.1
0.9460570254302596,0.96877374543407,1.215202374352793,1.1371692781916258,2017-11-03,194.65
0.9541450777202072,0.9583206855863148,1.1278063779859957,1.1468911917098443,2017-11-02,193.0
0.9477611940298508,0.950402496469303,1.104618288089087,1.1392177045805454,2017-11-01,194.3
0.9477611940298508,0.9485593502218838,1.206311585190904,1.1392177045805454,2017-10-31,194.3
0.9312262958280658,0.9351180434976276,1.128166621535849,1.0687737041719343,2017-10-30,197.75
0.93429731100964,0.9352832793745984,1.12828417585948,1.0441400304414004,2017-10-27,197.1
0.9055815097123188,0.9018826446463964,1.06045038087032,1.0120481927710845,2017-10-26,203.35
0.9281754032258064,0.9296855947755958,1.0894199499565398,1.0372983870967742,2017-10-25,198.4
0.9093827160493828,0.9117433189268864,1.057504219120177,1.0162962962962965,2017-10-24,202.5
0.9020328190056331,0.9063969573928148,1.0560092300635746,1.0080822924320354,2017-10-23,204.15
0.8682225365393683,0.8735342743152614,1.0263783738323076,1.0,2017-10-19,212.1
0.8887548262548264,0.9011085420033076,1.089531112096157,1.023648648648649,2017-10-18,207.2
0.9331137572840132,0.9423571503953316,1.0687974449104372,1.0747403090955157,2017-10-17,197.35
0.9339527875439476,0.9436541563221912,1.0653208937313066,1.0652938221998995,2017-10-16,199.1
0.9314671814671815,0.9053897873847334,1.035708627210688,1.023648648648649,2017-10-13,207.2
0.9029239766081872,0.8791085300837793,1.0336633758219378,1.0,2017-10-12,213.75
0.8152059134107709,0.7882436400544557,1.007418738003496,1.0,2017-10-10,236.75
0.9433040078201368,0.9374020238243528,1.1166196907105288,1.1571358748778104,2017-10-05,204.6
0.9902514109799896,0.9765776541975968,1.2051618740364622,1.2147255002565418,2017-10-04,194.9
1.0,1.009551281290062,1.2125536815783102,1.2752491246970106,2017-10-03,185.65
1.0,1.0080566148367374,1.295204776700065,1.3387051173310716,2017-09-29,176.85
1.0,1.0223177291411183,1.3672730207550774,1.4054615612941526,2017-09-28,168.45
0.9500846023688662,0.980325936205213,1.2684390704769124,1.335307388606881,2017-09-27,177.3
0.902733118971061,0.9280887577588112,1.160028627221388,1.2687566988210075,2017-09-26,186.6
0.8727979274611398,0.8851358065670514,1.183000811457041,1.226683937823834,2017-09-25,193.0
0.8291902535072606,0.8365884686546772,1.063761319290239,1.1653950283042087,2017-09-22,203.15
0.7914023960535588,0.8011868134003233,1.0404393748876886,1.112285647169368,2017-09-21,212.85
0.8308261405672009,0.8539900792463924,1.1753965970107951,1.1676942046855734,2017-09-20,202.75
0.871443352302121,0.9009283898161012,1.1929184896256608,1.2247801345059492,2017-09-19,193.3
1.0,1.0449794479095005,1.2299154458696109,1.4885256208739388,2017-09-13,159.05
1.0,1.0635269240143432,1.3574050650284883,1.5621906961398877,2017-09-12,151.55
1.0,1.0588024751954874,1.467288410009609,1.5889261744966443,2017-09-11,149.0
0.9526854219948848,1.01893229304183,1.3586634254430694,1.3734015345268542,2017-09-08,156.4
0.971316818774446,1.0253559643935914,1.3747035093850135,1.4002607561929596,2017-09-07,153.4
1.0,1.048885053354442,1.5236288226142165,1.4702258726899384,2017-09-06,146.1
1.0,1.0564200941850506,1.5505231249804128,1.5296442687747034,2017-09-05,139.15
1.0,1.0956755927303314,1.7956119278163036,1.854094076655052,2017-08-31,114.8
1.0,1.111692814902434,1.9615822453402556,2.038793103448276,2017-08-30,104.4
1.0,1.0557828439177852,1.9501682760672716,2.2740384615384617,2017-08-29,93.6
1.0,1.1268386273854225,1.8615626528798348,2.313586956521739,2017-08-28,92.0
1.0,1.126864753070596,2.023159338005297,2.507067137809187,2017-08-24,84.9
1.0,1.1172135488033137,2.0153440061614445,2.6908975979772443,2017-08-23,79.1
1.0,1.1139883992470367,2.0239441158268887,2.8861016949152543,2017-08-22,73.75
0.974240422721268,1.1007896100504422,1.98726593736638,2.678335535006605,2017-08-21,75.7
0.9497746297488732,1.0697079430510794,2.018037044826327,2.258209916291049,2017-08-18,77.65
0.93710292249047,1.0475271596612494,1.9124993126454293,2.2280813214739514,2017-08-17,78.7
0.9716732542819498,1.0685566077919082,1.928556262238512,2.310276679841897,2017-08-16,75.9
0.9846461949265688,1.069300667840651,1.8975533975514,2.123497997329773,2017-08-14,74.9
1.0,1.0805376010485976,1.8832722714749317,2.210600706713781,2017-08-11,70.75
1.0,1.0698092137126798,1.8566777470891629,2.24551328068916,2017-08-10,69.65
0.8900958466453675,0.9967082172887888,1.7507517887095465,1.9987220447284344,2017-08-09,78.25
0.8684538653366584,0.97898313899379,1.7709400283885706,1.912718204488778,2017-08-08,80.2
0.8416918429003022,0.9537461025291168,1.8259016332179483,1.7655589123867068,2017-08-07,82.75
0.8551258440761204,0.9518337968981366,1.9548285213343977,1.503376304481277,2017-08-04,81.45
0.8783102143757883,0.9692207084253072,1.8054427590850115,1.5441361916771754,2017-08-03,79.3
0.8488726386349787,0.9268431422810308,1.724270922176,1.4923826934795856,2017-08-02,82.05
0.839662447257384,0.915188338736812,1.6489251776718794,1.3839662447257384,2017-08-01,82.95
0.8341317365269462,0.9366747500105048,1.581567535345047,1.250299401197605,2017-07-31,83.5
0.8361344537815127,0.942077515974277,1.3776345586313328,1.0192076830732293,2017-07-28,83.3
0.8356328734253151,0.943409485548478,1.4414302327849005,1.0185962807438511,2017-07-27,83.35
0.8141437755698423,0.9300628034148412,1.4227386850735344,1.0,2017-07-26,85.55
0.8052023121387284,0.9149764779664638,1.3248689741666255,1.0,2017-07-25,86.5
0.8117715617715618,0.913730338865994,1.312830657376023,1.0081585081585085,2017-07-24,85.8
0.7932801822323463,0.8948840324142131,1.3526972222901616,1.0,2017-07-21,87.8
0.7878959276018099,0.8819531041202073,1.280838491402164,1.0,2017-07-20,88.4
0.7892351274787536,0.8587634596800289,1.2071315899115886,1.001699716713881,2017-07-19,88.25
0.8184488836662751,0.8804369552884641,1.1865403501136558,1.038777908343126,2017-07-18,85.1
0.810826542491269,0.8555365950094431,1.1045280745471568,1.0291036088474972,2017-07-17,85.9
0.8042725173210162,0.8209379935216481,1.032353286253206,1.020785219399538,2017-07-14,86.6
0.7910278250993754,0.7967423975944716,1.0137495127860112,1.0039750141964794,2017-07-13,88.05
0.7878959276018099,0.7925872618085408,1.0175595085918951,1.0,2017-07-12,88.4
0.8038084246970572,0.812511865968085,1.0231788769116137,1.0201961915753028,2017-07-11,86.65
0.8757694459988808,0.7891535451934184,1.03961070059571,1.0,2017-07-10,89.35
0.8845510317902955,0.7918757199146684,1.033344860520287,1.0,2017-07-07,89.65
0.8801331853496116,0.7886773588780598,1.0274539209142166,1.0,2017-07-06,90.1
0.8990929705215419,0.809873774544672,1.0439277173718298,1.021541950113379,2017-07-05,88.2
1.0,0.8730894675910614,1.1051804355727677,1.1164807930607186,2017-06-30,80.7
0.9859499083689676,0.8600193547165158,1.0997665470358036,1.100794135613928,2017-06-29,81.85
0.9889705882352944,0.9122705387410066,1.059760059732633,1.1041666666666667,2017-06-28,81.6
1.0,0.9416577534293858,1.056692562559173,1.117866004962779,2017-06-27,80.6
0.96875,0.9176342537806546,1.0913837553486694,1.0829326923076923,2017-06-23,83.2
0.9339513325608344,0.8911231076676585,1.024760613492518,1.0440324449594438,2017-06-22,86.3
0.9232531500572736,0.8878748284002398,1.045907805578318,1.0320733104238258,2017-06-21,87.3
0.9465648854961832,0.9305928218401268,1.0293343065305127,1.0581327069876687,2017-06-20,85.15
0.992,0.971288057283419,1.0364133974038228,1.108923076923077,2017-06-19,81.25
0.9799392097264435,0.9630973189638156,1.0505282531002622,1.0954407294832826,2017-06-16,82.25
0.977562158884172,0.9651132171677528,1.0387118839159404,1.092783505154639,2017-06-15,82.45
0.9675870348139256,0.9593219936002516,1.035928993644474,1.0816326530612244,2017-06-14,83.3
0.9926108374384236,0.9740020304256368,1.0382589056908231,1.1096059113300492,2017-06-13,81.2
0.9829268292682928,0.9650714984487604,1.0524331849812592,1.098780487804878,2017-06-12,82.0
0.967006598680264,0.951113132695144,1.0474738049331684,1.0809838032393522,2017-06-09,83.35
0.960095294818344,0.950474698268812,1.0347571340167352,1.073257891602144,2017-06-08,83.95
0.991389913899139,0.9780324482763708,1.0359216300013785,1.108241082410824,2017-06-07,81.3
1.0,0.9707207958980372,1.111599491590309,1.160334835801674,2017-06-06,77.65
1.0,0.9752458598576838,1.139377731838545,1.1499348109517602,2017-06-05,76.7
1.0,0.9931008811174394,1.1539072247866085,1.2453637660485022,2017-06-02,70.1
0.9901129943502824,0.979107506635656,1.2096113759888822,1.2330508474576272,2017-06-01,70.8
0.9770034843205574,0.9702809007373489,1.137986394616662,1.216724738675958,2017-05-30,71.75
1.0,0.981553537935726,1.2064485869781385,1.2507163323782235,2017-05-25,69.8
1.0,0.9864081993685908,1.2289426011169735,1.3029850746268656,2017-05-24,67.0
0.9517045454545454,0.9425472828299268,1.1668181648849816,1.240056818181818,2017-05-23,70.4
0.9041835357624832,0.898209978161604,1.1263575484520645,1.1781376518218625,2017-05-22,74.1
0.8678756476683938,0.8601637191423341,1.0391433751376773,1.087435233160622,2017-05-19,77.2
0.8486383787207092,0.8346543792664805,1.0478120016745274,1.06333122229259,2017-05-18,78.95
0.8136004857316333,0.7932435007139791,1.022396918292641,1.0194292653309047,2017-05-17,82.35
0.8038392321535693,0.7738654794978432,1.0236980070722737,1.0071985602879423,2017-05-16,83.35
0.8145896656534954,0.7922876908952066,1.0240875382523429,1.0206686930091189,2017-05-15,82.25
0.807715491259795,0.805298177977581,1.030771503378055,1.0120554550934298,2017-05-12,82.95
0.7938388625592416,0.8086672846440406,1.01746668023536,1.0,2017-05-11,84.4
0.7886992348440258,0.8202709101041914,1.0334408765380676,1.0,2017-05-10,84.95
0.8072289156626506,0.8433360099039153,1.044576137758106,1.0234939759036146,2017-05-09,83.0
0.8023952095808383,0.8478898174973075,1.0440208957603485,1.017365269461078,2017-05-08,83.5
0.7938388625592416,0.834934294784488,1.0139090774598811,1.0065165876777251,2017-05-05,84.4
0.7804309842748981,0.8194055882881783,1.011433424022752,1.0,2017-05-04,85.85
0.7570621468926554,0.7863280665981258,1.0392713151861357,1.0,2017-05-03,88.5
0.7799767171129219,0.8153715496521203,1.0336380854604106,1.0302677532013969,2017-05-02,85.9
0.7754629629629629,0.8155261274849961,1.03361878795045,1.0243055555555556,2017-04-28,86.4
0.7665903890160183,0.7941099956177966,1.03552553985999,1.0125858123569793,2017-04-27,87.4
0.7596371882086168,0.790710161086956,1.0406859570653364,1.0034013605442176,2017-04-26,88.2
0.7494407158836689,0.8037862325273246,1.0543322004247464,1.0,2017-04-25,89.4
0.7432057681641708,0.7985704519395593,1.0416292739568327,1.0,2017-04-24,90.15
0.8787706317586796,0.8260667176723346,1.0730713205048932,1.0261809903244168,2017-04-21,87.85
0.911452184179457,0.850050387549167,1.073292815227763,1.064344746162928,2017-04-20,84.7
0.9217910447761194,0.8555249006995775,1.1011218080704652,1.0764179104477614,2017-04-19,83.75
0.9529269764634885,0.8635149890398017,1.1483148475621234,1.0881110440555222,2017-04-18,82.85
0.9739490822972172,0.8452680693703323,1.0967164719159388,1.0674955595026645,2017-04-17,84.45
1.0,0.8721630064591417,1.1024164704658428,1.0920654149000606,2017-04-13,82.55
0.9892150988615938,0.8605169212396537,1.0393619907504013,1.080287597363691,2017-04-12,83.45
1.0,0.8859975044160269,1.201396714973754,1.12828535669587,2017-04-11,79.9
0.9975031210986268,0.8755425860840351,1.1617836853780532,1.1254681647940077,2017-04-10,80.1
0.9767726161369196,0.8764317622622448,1.097155229829534,1.102078239608802,2017-04-07,81.8
0.9563135846798324,0.8755850669457996,1.0760951691119534,1.0789946140035909,2017-04-06,83.55
0.9433293978748524,0.8859761550237697,1.0830791823235588,1.064344746162928,2017-04-05,84.7
0.9483679525222553,0.9056655794506228,1.0479641154795774,1.0700296735905046,2017-04-03,84.25
0.9626506024096386,0.9386686538841066,1.0670949153551852,1.086144578313253,2017-03-31,83.0
0.9684848484848484,0.9435682015386816,1.0710080937966389,1.0927272727272728,2017-03-30,82.5
0.9626506024096386,0.9419928269069634,1.0594586851639904,1.086144578313253,2017-03-29,83.0
0.9136649514008004,0.8989719537331815,1.032336389835346,1.0308747855917668,2017-03-28,87.45
0.9152348224513174,0.9034773768831128,1.0277475478766251,1.0326460481099655,2017-03-27,87.3
0.9791666666666669,0.9628077130485831,1.092771956476513,1.076593137254902,2017-03-24,81.6
0.990700557966522,0.9719460473448668,1.096787644767879,1.0892746435213885,2017-03-23,80.65
1.0,0.9752242871575404,1.1429127981299505,1.172114743162108,2017-03-22,74.95
0.9523506988564168,0.9376139940175444,1.0982798095029105,1.1111817026683608,2017-03-21,78.7
0.9646074646074646,0.945948894732172,1.097548372084581,1.1254826254826256,2017-03-20,77.7
1.0,0.9913735473584848,1.1921595599590191,1.234297812279464,2017-03-17,70.85
0.9971850809289232,0.9860069988434916,1.2312412509110546,1.23082336382829,2017-03-16,71.05
1.0,0.9964509471045816,1.2505520352922257,1.280380673499268,2017-03-15,68.3
1.0,1.007836376230837,1.307627355896411,1.333079268292683,2017-03-14,65.6
1.0,1.0236881892117191,1.44952575790299,1.489778534923339,2017-03-10,58.7
0.983249581239531,1.0105830616476532,1.4493211890365012,1.464824120603015,2017-03-09,59.7
0.9646672144617912,0.9949252545791064,1.3750461274117636,1.4371405094494658,2017-03-08,60.85
0.9615069615069616,0.9792604461359488,1.326958040662559,1.4324324324324325,2017-03-07,61.05
0.9898819561551434,1.0001790374921158,1.321141109149265,1.4747048903878586,2017-03-06,59.3
1.0,1.0071344374002318,1.3075847472203768,1.5064599483204135,2017-03-03,58.05
1.0,1.006205336253832,1.4075322582530478,1.5195482189400522,2017-03-02,57.55
0.9704890387858348,0.970554183668656,1.3294629212674824,1.4747048903878586,2017-03-01,59.3
0.9795744680851064,0.9785358198787076,1.326965331644199,1.4885106382978723,2017-02-28,58.75
1.0,0.9888520513089964,1.2020103285509431,1.5235191637630665,2017-02-27,57.4
0.9913644214162348,0.9843017237526503,1.27389609037721,1.4093264248704662,2017-02-23,57.9
0.9786871270247228,0.974345021435887,1.2447914795566963,1.391304347826087,2017-02-22,58.65
0.9606694560669456,0.9584261003292108,1.1838873888385306,1.3497907949790795,2017-02-21,59.75
0.98861646234676,0.9861496200855204,1.3745084773386476,1.24430823117338,2017-02-16,57.1
1.0,1.0036155906713626,1.4503162005661394,1.2778776978417266,2017-02-15,55.6
0.97117903930131,0.9770585106977512,1.3517892580562207,1.2410480349344977,2017-02-14,57.25
0.9504273504273504,0.9568457962030654,1.358043180006084,1.1675213675213674,2017-02-13,58.5
0.9235880398671096,0.9348460500802356,1.3032561183715088,1.0141196013289036,2017-02-10,60.2
0.9504273504273504,0.9623703145751342,1.3785351158479713,1.0435897435897434,2017-02-09,58.5
0.93681550126369,0.9289028604125726,1.2932720651892495,1.0286436394271272,2017-02-08,59.35
0.9423728813559322,0.9366591183161636,1.2064855037301432,1.0347457627118644,2017-02-07,59.0
0.9152263374485596,0.9072539695241147,1.1723469328474547,1.0049382716049382,2017-02-06,60.75
0.947996589940324,0.9476751936845206,1.259897803713918,1.0358056265984654,2017-02-03,58.65
1.0,0.9857958897108862,1.2063349014379798,1.097560975609756,2017-02-02,55.35
1.0,0.9699950726137144,1.1919020052825626,1.103542234332425,2017-02-01,55.05
1.0,0.9702403694037932,1.2051578654714468,1.105550500454959,2017-01-31,54.95
0.9918772563176896,0.9635609710667744,1.156278680983879,1.0965703971119134,2017-01-30,55.4
1.0,0.9647848828679269,1.155584077489893,1.119815668202765,2017-01-27,54.25
1.0,0.9685052665197164,1.077104117720039,1.119815668202765,2017-01-25,54.25
1.0,0.961460410757088,1.0889444069576777,1.1355140186915889,2017-01-24,53.5
1.0,0.958798808554066,1.1163988466291743,1.1462264150943395,2017-01-23,53.0
1.0,0.9638619758151246,1.1173731813766856,1.150568181818182,2017-01-20,52.8
0.9635036496350364,0.9281400687826832,1.0774304374655304,1.1085766423357666,2017-01-19,54.8
0.9591280653950952,0.9275345750029832,1.0889841985643107,1.103542234332425,2017-01-18,55.05
0.9487870619946092,0.913740292235964,1.0823947404391374,1.091644204851752,2017-01-17,55.65
0.9786839666357736,0.9437836105700173,1.1056721259940183,1.1260426320667285,2017-01-12,53.95
0.96,0.9361044896775708,1.0560537962736565,1.1045454545454545,2017-01-11,55.0
0.9652650822669104,0.940301448921239,1.051701804462083,1.1106032906764167,2017-01-10,54.7
0.9741697416974168,0.9405270808976348,1.050351494804206,1.1208487084870848,2017-01-09,54.2
0.9906191369606004,0.958881060214524,1.0846822719056468,1.100375234521576,2017-01-06,53.3
0.98050139275766,0.9489582662314464,1.0821511473906222,1.0891364902506964,2017-01-05,53.85
1.0,0.9676176724135074,1.1384881543443988,1.1522593320235757,2017-01-04,50.9
1.0,0.9655730196311448,1.1473486086165663,1.1403688524590163,2017-01-03,48.8
0.9978880675818372,0.9701829778441572,1.1444882273717856,1.1752903907074972,2016-12-29,47.35
1.0,0.9746546296617368,1.2212906255320006,1.189102564102564,2016-12-28,46.8
0.9873417721518988,0.962381409618966,1.209878688638659,1.1740506329113924,2016-12-27,47.4
0.975,0.953939632087616,1.1391060644197746,1.159375,2016-12-22,48.0
0.9560776302349336,0.9300503294192728,1.1001404414799871,1.136874361593463,2016-12-21,48.95
0.9790794979079498,0.9537825280754708,1.1167470632788568,1.1642259414225942,2016-12-20,47.8
1.0,0.9771994061148336,1.1508045715394708,1.213740458015267,2016-12-19,45.85
1.0,0.9821129760430402,1.1508913324585193,1.1995637949836422,2016-12-16,45.85
0.9913513513513512,0.9755479017275424,1.1509011470271624,1.1891891891891893,2016-12-15,46.25
0.995656894679696,0.980803769919368,1.1509562903667776,1.1943539630836049,2016-12-14,46.05
0.9776119402985076,0.965180071343604,1.144612250534322,1.1727078891257996,2016-12-13,46.9
