Actual_LowerBandInNext1Months,Predicted_LowerBandInNext1Months,Actual_UpperBandInNext1Months,Predicted_UpperBandInNext1Months,Date,Close Price
0.9924146649810366,0.9987226150092922,1.109626151345494,1.2513925567143065,2020-12-30,276.85
0.9886649874055417,0.995539305081602,1.1054336092119468,1.2475535128812465,2020-12-29,277.9
0.998546247501363,1.003700138285943,1.1164819189532982,1.253026557872145,2020-12-28,275.15
1.0,1.0079503134067216,1.1516401124648548,1.2788452572851543,2020-12-24,266.75
1.0,1.0086172678763807,1.1678388139137046,1.2858663513310595,2020-12-23,263.05
1.0,1.001900082765447,1.1927781013395455,1.2434287680342049,2020-12-22,257.55
1.0,0.9967357196269448,1.206598586017282,1.217498925617117,2020-12-21,254.6
0.9380987472365512,0.9419023463602534,1.1319086219602064,1.1430512052267394,2020-12-18,271.4
0.951420029895366,0.9488393920772658,1.1479820627802688,1.1097073242210649,2020-12-17,267.6
0.94488773427352,0.9418636187682534,1.1401002041195027,1.087647764564401,2020-12-16,269.45
0.9408721359940873,0.93754872332053,1.1352549889135253,1.0761246458578448,2020-12-15,270.6
0.9283500455788514,0.9256173736895554,1.1183226982680037,1.0651427772157351,2020-12-14,274.25
0.934483391447972,0.9287652342828004,1.0561570930445954,1.0730060809051372,2020-12-11,272.45
0.9443620178041542,0.9380354928582374,1.0673219584569733,1.0854537354737217,2020-12-10,269.6
0.9417421860551136,0.9523968688019346,1.064361013501017,1.0821783474983449,2020-12-09,270.35
0.936201507630079,0.9469942705102032,1.0580989152417724,1.07519011030294,2020-12-08,271.95
0.9440118650352244,0.955456201829678,1.0563589173155357,1.085017030025925,2020-12-07,269.7
0.9664072879104194,0.9695436297265522,1.0603530081609416,1.1123032626675369,2020-12-04,263.45
0.9931733957480008,0.983897445654696,1.0897210844548468,1.1432800443390851,2020-12-03,256.35
1.0,0.989650254917745,1.1318881685575366,1.182061476628537,2020-12-02,246.8
0.994960693408587,0.9853090059332332,1.1203386414029428,1.174668194858652,2020-12-01,248.05
1.0,0.9860590227873482,1.1225951698731067,1.1582177459857457,2020-11-27,244.3
0.9971293828173058,0.9827969349589656,1.124666803362723,1.134200651339746,2020-11-24,243.85
1.0,0.9853176746686132,1.1489317134478425,1.138816589062761,2020-11-23,238.7
0.9831136738056012,0.9692760922530932,1.1295304777594728,1.096206583315562,2020-11-20,242.8
0.9956204379562044,0.9795864478673094,1.1438998957247133,1.1094939960506314,2020-11-19,239.75
0.9470343185875816,0.9374272032598616,1.0880777623487403,1.0541922324688542,2020-11-18,252.05
0.9937552039966694,0.9797068115542052,1.1417568692756035,1.1071452444665255,2020-11-17,240.2
1.0,0.9882325520753652,1.2012786596119929,1.1662291038646282,2020-11-12,226.8
1.0,0.9918641823253114,1.2389521640091117,1.1999465166405847,2020-11-09,219.5
1.0,0.9935629632146724,1.20269344898425,1.1882517988273364,2020-11-06,219.05
1.0,0.995445636637063,1.204618198445359,1.1822028923313248,2020-11-05,218.7
1.0,1.0007984240618235,1.272397971504467,1.2413668304555854,2020-11-04,207.05
1.0,1.0027646771303589,1.2520146520146522,1.2570995645709917,2020-11-03,204.75
1.0,1.005679602076586,1.2859693877551022,1.3021167714823745,2020-11-02,196.0
1.0,1.00843168077043,1.331836195508587,1.3321075736628043,2020-10-30,189.25
1.0,1.0078628914330054,1.3350105932203389,1.308798830184236,2020-10-29,188.8
0.9910761154855644,0.9999466973424648,1.3230971128608924,1.2979673130484122,2020-10-28,190.5
0.970195272353546,0.9826015118406892,1.2952209660842755,1.2758452307087902,2020-10-27,194.6
0.9595933926302416,0.9720447295962522,1.2810673443456164,1.2403538765559654,2020-10-26,196.75
0.9311960542540074,0.9452055447723344,1.2431565967940814,1.197606856665615,2020-10-23,202.75
0.9286768322675848,0.9404155872786022,1.2397934087555338,1.175875305866914,2020-10-22,203.3
0.9261712043168998,0.9356339552224858,1.2364483688987,1.1557314504804177,2020-10-21,203.85
0.930049261083744,0.937903596213094,1.2416256157635468,1.148869929052588,2020-10-20,203.0
0.9252634158294536,0.936791915226798,1.235236461651556,1.1434162972498882,2020-10-19,204.05
0.9642492339121552,0.9771545060690888,1.1961184882533196,1.1899404944007872,2020-10-16,195.8
0.9789992221934146,0.9861491660635238,1.2144153487166192,1.2066769970539826,2020-10-15,192.85
0.9437640589852536,0.9567679729856056,1.1707073231692076,1.16876733560744,2020-10-14,200.05
0.9649884998722208,0.9765250934920036,1.1970355226169178,1.1946058088065012,2020-10-13,195.65
0.9859007832898172,0.989353082057812,1.143864229765013,1.219122260655706,2020-10-08,191.5
0.990296354576449,0.9910469076203636,1.148964070285864,1.2156223912905868,2020-10-07,190.65
0.9853862212943634,0.9831182369047478,1.141440501043841,1.1787276258728647,2020-10-06,191.6
1.0,0.9877578370135336,1.096953642384106,1.1785256525252537,2020-10-05,188.75
0.9915944313107434,0.9794848682420638,1.07197268190176,1.1660536175906715,2020-10-01,190.35
1.0,0.9877923942308926,1.1005933117583604,1.1957039719017888,2020-09-30,185.4
1.0,0.9881470858175432,1.1029729729729731,1.1977716813506158,2020-09-29,185.0
0.987720234917245,0.9765255249316692,1.0894287239722371,1.16127368714831,2020-09-28,187.3
1.0,0.9842710315103752,1.1199231613611418,1.1574569556771703,2020-09-25,182.2
1.0,0.9849836103154644,1.1564182487956929,1.1938083717839778,2020-09-24,176.45
0.9600108813928182,0.9507687381895088,1.1101741022850924,1.143429470642122,2020-09-23,183.8
0.9478914853612675,0.9356052098271128,1.0961590115498254,1.0894023682813154,2020-09-22,186.15
0.9496770721205596,0.9359183005332384,1.0982238966630786,1.075804894872937,2020-09-21,185.8
0.916147455867082,0.9036848896149164,1.0386812045690552,1.0415000834092674,2020-09-18,192.6
0.9025575447570332,0.8897714389621583,1.0232736572890029,1.0296524099134376,2020-09-17,195.5
0.8900378310214375,0.8771168588642608,1.009079445145019,1.018420651641899,2020-09-16,198.25
0.8815888083937047,0.8681637099819646,1.0,1.0106622264637684,2020-09-15,200.15
0.8886930244270963,0.8918732577083992,1.008058423570889,1.021372028600407,2020-09-14,198.55
0.8704982733103108,0.8771257521066076,1.0,1.0006876483908875,2020-09-11,202.7
0.8904870047943476,0.898856370572553,1.02296240222054,1.0300244137549095,2020-09-10,198.15
0.905336069779374,0.9262914513872408,1.0400205233453053,1.0509843623294786,2020-09-09,194.9
0.8649509803921568,0.8889582192857819,1.0,0.995802195171526,2020-09-08,204.0
0.827820783485808,0.8541804300762528,1.0,1.001683860946158,2020-09-03,213.15
0.8161424606845513,0.8421800512669102,1.0,1.0026957668426966,2020-09-02,216.2
0.8090325538743696,0.8345995351542117,1.0,1.0029363161884906,2020-09-01,218.1
0.8317228376148951,0.8610261132098167,1.0280461937308507,1.038694177493923,2020-08-31,212.15
0.784745385812764,0.8260369195839963,1.0,1.0042004151732682,2020-08-28,224.85
0.8178447276940903,0.8725754867499984,1.0421784472769409,1.0576050462160451,2020-08-27,215.75
0.8408386943054562,0.8997207354776018,1.071479628305933,1.092054270140573,2020-08-26,209.85
0.8483173076923076,0.9103308631902968,1.0810096153846154,1.1030578839803395,2020-08-25,208.0
0.9126117179741808,0.929309321024956,1.1164349553128103,1.14169727350423,2020-08-24,201.4
0.9710108394252585,0.9377198825982148,1.133602218300983,1.159017587936167,2020-08-21,198.35
0.9892141756548536,0.947472106583398,1.154853620955316,1.1795641673681594,2020-08-20,194.7
0.9771689497716894,0.9379328076530776,1.1407914764079148,1.168256779173867,2020-08-19,197.1
0.9979497693490518,0.947825055784438,1.1524859046642748,1.1621823180398578,2020-08-18,195.1
1.0,0.9538345710863362,1.1647241647241646,1.1622761556894057,2020-08-17,193.05
0.982692797149402,0.9374780700673182,1.14456604734029,1.1379416921877852,2020-08-14,196.45
0.9564032697547684,0.9120965080181844,1.1139459995045826,1.0913723247940523,2020-08-13,201.85
0.949348414064421,0.9260168082579932,1.105729038603393,1.086298530194879,2020-08-12,203.35
0.9894925679138904,0.9697983967110886,1.1524859046642748,1.1370524639545492,2020-08-11,195.1
0.9961300309597524,0.9761390483019418,1.1602167182662535,1.1449359104209584,2020-08-10,193.8
1.0,0.9979824064445568,1.179386309992132,1.155347677479839,2020-08-07,190.65
0.9984289080911234,0.9968238987680422,1.1775333857030637,1.1531390077365902,2020-08-06,190.95
0.99556135770235,0.9938128326243386,1.1741514360313317,1.1467176750404544,2020-08-05,191.5
0.9947821549699974,0.9939241552510566,1.1732324549960866,1.145293425862426,2020-08-04,191.65
0.9924518479958356,0.9910430414932972,1.170484122852681,1.1425947730487311,2020-08-03,192.1
0.99582136328023,0.9920837329671214,1.1744580830504048,1.127427873792045,2020-07-31,191.45
1.0,0.9970044846535238,1.2053068882337177,1.154521067101491,2020-07-30,186.55
0.9756799163179918,0.9755396551692398,1.1759937238493725,1.122773826800562,2020-07-29,191.2
0.9846925310108208,0.9820961203226658,1.138822908419108,1.1345101406009177,2020-07-28,189.45
0.9967940154955918,0.9906400905208296,1.121293080416778,1.149226906116433,2020-07-27,187.15
0.9721208963001564,0.9674217639652068,1.059666492965086,1.1201551431953776,2020-07-24,191.9
0.9407463439233484,0.940467236205332,1.0254664649520926,1.0964432528072312,2020-07-23,198.3
0.9716145833333334,0.9687770911136848,1.0591145833333333,1.1345079215072216,2020-07-22,192.0
0.959866220735786,0.957439948574688,1.0463082068433238,1.120308863394307,2020-07-21,194.35
0.978494623655914,0.9756196738289163,1.066614214529242,1.1426650133249687,2020-07-20,190.65
0.9907063197026024,0.9866489050843672,1.079925650557621,1.1567877689904411,2020-07-17,188.3
1.0,0.991301454295458,1.0921052631578947,1.137277429783102,2020-07-16,186.2
1.0,0.990535865598337,1.1060647266793582,1.1304693029156732,2020-07-15,183.85
0.9879097259537882,0.9795172186754424,1.0926921010209565,1.1095180930280226,2020-07-14,186.1
0.9545690550363448,0.949697971009446,1.055815160955348,1.0425982045690605,2020-07-13,192.6
0.939688218757986,0.9348045313671216,1.0135445949399438,1.026703552521776,2020-07-10,195.65
0.9234053239578102,0.919386963426163,1.0,1.0124483830662767,2020-07-09,199.1
0.9578015108101068,0.9526994593414164,1.0372492836676217,1.058114645330203,2020-07-08,191.95
0.9750729249535932,0.968752678847636,1.0559533280297002,1.0796147539018766,2020-07-07,188.55
0.9776655144908268,0.9713156435234206,1.0587609678277052,1.083253698411804,2020-07-06,188.05
1.0,0.9889440997580498,1.1160313901345291,1.1292411467005188,2020-06-30,178.4
0.9949804796430562,0.9837890770589768,1.1104294478527603,1.107350809980728,2020-06-29,179.3
0.9664138678223186,0.9590753979896488,1.0785482123510293,1.0642570483265377,2020-06-26,184.6
0.9630229419703104,0.9552264584270276,1.0747638326585696,1.0587097910083596,2020-06-25,185.25
0.9664138678223186,0.9569395620749446,1.0785482123510293,1.0564197207263546,2020-06-24,184.6
0.926994024421928,0.9219272911530098,1.0345544297220055,1.0222707837208558,2020-06-23,192.45
0.9501997336884156,0.944429371026372,1.0604527296937416,1.0530992228297986,2020-06-22,187.75
0.9671997831390622,0.9602830559176884,1.0794253185145026,1.0747419895579453,2020-06-19,184.45
0.9927657206455204,0.9846681061816543,1.1079577072899276,1.1058902173982523,2020-06-18,179.7
1.0,0.9887280216775184,1.1508670520231217,1.1498163818328793,2020-06-17,173.0
1.0,0.9893517184236374,1.1518657795776686,1.1504978482747512,2020-06-16,172.85
0.9931054294742888,0.9820273756790084,1.1439241597242171,1.1426334448837003,2020-06-15,174.05
0.9642956764295676,0.957459097115551,1.110739191073919,1.1084689372337764,2020-06-12,179.25
0.9754514672686232,0.96666681556317,1.1235891647855532,1.1108676635333568,2020-06-11,177.2
0.9203940362087326,0.9157818440030676,1.0601703940362086,1.0404982867806565,2020-06-10,187.8
0.9371103280021686,0.9317021644597752,1.0794253185145026,1.0616805505488858,2020-06-09,184.45
0.9253211991434688,0.9185657852307464,1.0302462526766594,1.0461450758716773,2020-06-08,186.8
0.9203940362087326,0.9141923149084968,1.0247603833865813,1.0377743398053771,2020-06-05,187.8
0.9931054294742888,0.9847971593685262,1.1057167480609018,1.1285127445943164,2020-06-04,174.05
0.9885616242493566,0.980352724522992,1.100657706605662,1.1232358362552504,2020-06-03,174.85
1.0,0.9887958829067176,1.130396475770925,1.1535735606578437,2020-06-02,170.25
1.0,0.9895118293990774,1.1317259629520728,1.154892339282355,2020-06-01,170.05
1.0,0.992981849321642,1.200561447286338,1.221335952695383,2020-05-29,160.3
1.0,0.9948550856805654,1.2157296272899556,1.2359702546738138,2020-05-28,158.3
0.9981084489281212,0.9887755601649588,1.2134300126103406,1.2107842919668703,2020-05-27,158.6
1.0,0.9940665107105552,1.27113606340819,1.2320467460823668,2020-05-26,151.4
1.0,0.9933014849663132,1.2449453099105072,1.235872390867262,2020-05-22,150.85
0.9927607765712406,0.987716524656196,1.235932872655479,1.2147163725064043,2020-05-21,151.95
0.9830563701531444,0.9798995756799675,1.2238514173998047,1.202552289709366,2020-05-20,153.45
0.9869152764147856,0.9823466398832164,1.2286555446516194,1.1805781214184268,2020-05-19,152.85
0.9707207207207208,0.9669690386415384,1.2084942084942083,1.1572843608038763,2020-05-18,155.4
0.9065504807692308,0.9071112971486224,1.1286057692307692,1.1014277728578432,2020-05-15,166.4
0.8981839833283716,0.898262089782786,1.1181899374813935,1.0944825407202514,2020-05-14,167.95
0.866456059735784,0.8657982439230492,1.0786904078116026,1.0684402322541702,2020-05-13,174.1
0.9049190161967606,0.9093251124009673,1.1265746850629876,1.119875503553008,2020-05-12,166.7
0.9117558174675128,0.9187555320869364,1.1350861287398006,1.1285613439888451,2020-05-11,165.45
0.9049190161967606,0.909288624556718,1.1265746850629876,1.101446914674053,2020-05-08,166.7
0.8837141183362625,0.8933690648326873,1.1001757469244289,1.0732049763660374,2020-05-07,170.7
0.8819058754750072,0.915507471545756,1.09792458345513,1.0707334525401009,2020-05-06,171.05
0.8847507331378299,0.914808163108616,1.0255131964809383,1.0746172506729972,2020-05-05,170.5
0.8436800894854585,0.8694191841558123,1.0,1.028921109554446,2020-05-04,178.8
0.7922794117647058,0.8134766748983424,1.0,0.9907466377313588,2020-04-30,190.4
0.7939473684210526,0.8154855140578279,1.0021052631578948,0.9934550463960524,2020-04-29,190.0
0.8185024416711882,0.8494831127242055,1.0330982094411283,1.032043964163965,2020-04-28,184.3
0.8341166712745369,0.8769232939603608,1.0528061929776058,1.0553947695003592,2020-04-27,180.85
0.8394546466332777,0.8809385309348166,1.0595436839176406,1.063177371102742,2020-04-24,179.7
0.8075481798715203,0.8440614167400644,1.019271948608137,1.0151203852219586,2020-04-23,186.8
0.7998409331919406,0.852855095955309,1.0095440084835632,1.0029340584578204,2020-04-22,188.6
0.8217955651703622,0.8727719264817282,1.0297458085451596,1.0297423057159911,2020-04-21,184.9
0.7938197870682939,0.8355140020066802,1.0,0.9944039073495952,2020-04-20,192.55
0.8559234350750128,0.8321614485917421,1.0,0.9950237412262426,2020-04-17,193.3
0.8772534464475079,0.8562708552319362,1.0249204665959704,1.0273192005956928,2020-04-16,188.6
0.9075699396599012,0.8870448485868125,1.0603400987383431,1.069151783516436,2020-04-15,182.3
0.9013892672296376,0.8855275393028144,1.0531190411332063,1.0608528006008744,2020-04-13,183.55
0.8881193393713372,0.8648003311737282,1.0298348428343105,1.0344833185169908,2020-04-09,187.7
0.9114270092946964,0.8882162238242899,1.05686167304538,1.0663866819307015,2020-04-08,182.9
0.9149449959753152,0.8728815591729495,1.0372954118594044,1.0434568016873185,2020-04-07,186.35
1.0,0.914451168208192,1.1011107946454002,1.115225228855525,2020-04-03,175.55
0.9407824222936764,0.8586119453082783,1.0359056806002145,1.0302747798702283,2020-04-01,186.6
0.8913429804518914,0.8097479281423765,1.0,0.9975406388235252,2020-03-31,196.95
0.9390211286440224,0.8685634626723904,1.0534902380315592,1.0636985766173417,2020-03-30,186.95
0.8954348380515175,0.854331783257827,1.0045906656465189,1.0044505950599976,2020-03-27,196.05
0.910292973813845,0.8713213198418126,1.0212600466683952,1.0252878543176531,2020-03-26,192.85
0.9241905764674916,0.8863259668803656,1.0368518031060805,1.0441690345605157,2020-03-25,189.95
0.9574584128715572,0.9184277419350352,1.0741750749931824,1.0871301960126905,2020-03-24,183.35
0.9666850220264318,0.9346001676489056,1.0845264317180616,1.0985189875261812,2020-03-23,181.6
0.837347960887193,0.8127511280474178,1.0,0.9971330378488112,2020-03-20,209.65
0.8611724307088546,0.8509025701655559,1.0284522933529556,1.032540162692262,2020-03-19,203.85
0.8178430002329373,0.8008069628266405,1.0,0.9964089576615912,2020-03-18,214.65
0.8168915774778968,0.800950061966281,1.0,0.9963736381149996,2020-03-17,214.9
0.7863381858902576,0.7806640381555334,1.0,0.9952394084237356,2020-03-16,223.25
0.7246646026831786,0.7039299370930838,1.0,0.9950316885535124,2020-03-13,242.25
0.8251468860164513,0.840480061191331,1.138660399529965,1.1504950910034943,2020-03-12,212.75
0.7159461663947798,0.7435976160653803,1.0,0.9950316885535124,2020-03-11,245.2
0.6919590067008278,0.7088922598486043,1.0,0.9950316885535124,2020-03-09,253.7
0.6491033462747273,0.6628565333319045,1.0,0.9950316885535124,2020-03-06,270.45
0.6089143253555325,0.594551372388302,1.0,0.9950316885535124,2020-03-05,288.3
0.615317209954434,0.607092065040048,1.010515247108307,1.008328812283533,2020-03-04,285.3
0.626530964291875,0.5889474255915477,1.0,0.9950316885535124,2020-03-03,289.85
0.6317620455731432,0.5978660515582486,1.008349278135328,1.0056126706814272,2020-03-02,287.45
0.5995378012545395,0.6034864830259505,1.0,0.9950316885535124,2020-02-28,302.9
0.564062742661904,0.5503342858459048,1.0,0.9950316885535124,2020-02-27,321.95
0.5532368621477532,0.5562263830204253,1.0,0.9950316885535124,2020-02-26,328.25
0.5560318432333129,0.586109686117382,1.005052051439069,1.0014552787596251,2020-02-25,326.6
0.5624032208113967,0.5977449517871698,1.016568597088882,1.015857921949055,2020-02-24,322.9
0.622157790325042,0.5824703902623334,1.0018312223409127,0.997367595091319,2020-02-20,327.65
0.6365339578454332,0.6126967260864045,1.0249804839968777,1.0261717852579944,2020-02-19,320.25
0.641845088161209,0.642285830543788,1.0335327455919394,1.036484323956704,2020-02-18,317.6
0.6497175141242938,0.6428032093386142,1.002443121087189,0.9972714154272868,2020-02-13,327.45
0.66484375,0.6710845366984208,1.02578125,1.026289825357182,2020-02-12,320.0
0.6559272390935718,0.6548750703789343,1.0120240480961924,1.009347419012662,2020-02-11,324.35
0.7698587127158555,0.6767565363112906,1.030612244897959,1.0318468890725916,2020-02-10,318.5
0.8438377535101403,0.6688018233418092,1.0241809672386897,1.0240564930153349,2020-02-07,320.5
0.8399068322981366,0.6633533768321376,1.019409937888199,1.0182132012403953,2020-02-06,322.0
0.869753979739508,0.7800024916974577,1.055635954333494,1.0612485981806503,2020-02-05,310.95
0.931591836734694,0.7909372931235783,1.0718367346938775,1.0795457690926724,2020-02-04,306.25
0.9573825503355704,0.8357166531583606,1.101510067114094,1.107486175042928,2020-02-03,298.0
0.9591245574509172,0.7902831273670488,1.0564853556485356,1.054531286074101,2020-01-30,310.7
0.9418457648546144,0.7711300636503602,1.0374525916561317,1.0321942061396714,2020-01-29,316.4
0.9464824519612514,0.8597652682176997,1.0425599491821502,1.0331976915253784,2020-01-28,314.85
0.9424414927261228,0.8736064856685535,1.0381087919038583,1.0278850519751026,2020-01-27,316.2
0.9196111711155686,0.8850590345518847,1.0111093966980402,1.0052543426265672,2020-01-24,324.05
0.9218870843000774,0.922413089725765,1.0136117556071151,1.0083833953012522,2020-01-23,323.25
0.9427396393546346,0.951626337159674,1.0365390699145838,1.0363439861466917,2020-01-22,316.1
0.9501036186832458,0.9629688632537124,1.044635740475052,1.045922614729064,2020-01-21,313.65
0.9218870843000774,0.9601432571622877,1.0129930394431554,1.0083833953012522,2020-01-16,323.25
0.919185687847008,0.9569038353721012,1.0100246761258482,1.0048893024040466,2020-01-15,324.2
0.9088136627020432,0.9474812315768064,1.0,0.99496751704145,2020-01-14,327.9
0.9013914095583786,0.940470252740904,1.0,0.9950316885535124,2020-01-13,330.6
0.8969149736644093,0.9352456971520852,1.0,0.9950316885535124,2020-01-10,332.25
0.9023467070401212,0.9417359146781634,1.0060560181680545,1.0027240627828038,2020-01-09,330.25
0.931686728153822,0.9750413255395276,1.0387681725808973,1.042712888439096,2020-01-08,319.85
0.9363707776904948,0.9798700801710654,1.0439905734485468,1.0488632248245986,2020-01-07,318.25
0.934315723467628,0.976685285714488,1.0416993259131526,1.046172513492896,2020-01-06,318.95
0.9083146067415728,0.9351325050697058,1.0,0.9950316885535124,2020-01-03,333.75
0.8934571175950485,0.9197157063353008,1.0,0.9950316885535124,2020-01-02,339.3
0.938369483919222,0.933330477331764,1.0151084517576665,1.0140500845204958,2019-12-30,334.25
0.93002223869533,0.9253179069462346,1.006078576723499,1.002752542325232,2019-12-27,337.25
0.9508867667121418,0.9456912969775416,1.0286493860845838,1.0306170093983709,2019-12-26,329.85
0.9467250226380922,0.9523227471373332,1.024147298520978,1.0251578295508548,2019-12-24,331.3
0.9437340153452684,0.9468704249091134,1.0209116894839776,1.021204398942666,2019-12-23,332.35
0.9412461151398548,0.9412643160504972,1.004291845493562,0.998446350515253,2019-12-20,337.85
0.9690690233125095,0.9793990999725464,1.0339783635532531,1.0350292042977165,2019-12-19,328.15
0.9727745487916796,0.982127830778249,1.0379320893239523,1.039742280384796,2019-12-18,326.9
0.9561363977767764,0.9727877986034617,1.0193780982424516,1.017305530588151,2019-12-17,332.85
0.9591621458710066,0.9752295801299756,1.0226039783001808,1.0212654132999597,2019-12-16,331.8
0.9565674782085964,0.9728219379414614,1.0198376916140668,1.0178712398819807,2019-12-13,332.7
0.9889683032939712,0.992707553757368,1.0543816034804223,1.0589686271398548,2019-12-12,321.8
1.0,1.0023556552902635,1.0850655580428523,1.0932618843432973,2019-12-11,312.7
0.9976072738873824,1.0001104404085774,1.0824692933482214,1.083762036258689,2019-12-10,313.45
0.9872138910812944,0.989376170065789,1.0711917916337803,1.071257173617928,2019-12-09,316.75
0.9777986241400874,0.9789564799651777,1.0609756097560976,1.0596976960959112,2019-12-06,319.8
0.9299628252788104,0.9352719362176272,1.0090706319702605,1.0022138480170373,2019-12-05,336.25
0.9145949107926294,0.91958889935665,1.0,0.9950316885535124,2019-12-04,341.9
0.9301011302795956,0.9350617287060776,1.0169541939321831,1.016334464618101,2019-12-03,336.2
0.9236449564318416,0.9268957782329568,1.009895141042682,1.0075523938195614,2019-12-02,338.55
0.9147286821705426,0.9189234028624388,1.0001462629808393,0.9952185782046898,2019-11-29,341.85
0.9321806528543748,0.9607873563058966,1.0402444477567447,1.0444577848080716,2019-11-26,335.45
0.9303778637310324,0.9583192487751137,1.0382326688485568,1.0420787088713128,2019-11-25,336.1
0.9500227859638464,0.9702118170010552,1.0601549445541547,1.0675126357508384,2019-11-22,329.15
0.9437151048740002,0.9645590626793212,1.0531160404406217,1.0594625472428645,2019-11-21,331.35
0.9513233951931852,0.9717781940851896,1.061606327958625,1.0691591352319996,2019-11-20,328.7
0.9467151074780502,0.9675256870798712,1.0564638207689978,1.0633047453121884,2019-11-19,330.3
0.9615621156211562,0.977125974283504,1.0730319803198032,1.075015050318721,2019-11-18,325.2
0.9711180124223602,0.9817943908077555,1.083695652173913,1.0767742690727449,2019-11-15,322.0
1.0,0.9956686916696836,1.139986932375041,1.1357375678719064,2019-11-14,306.1
0.998532050236503,0.9898894822592132,1.1383134888272712,1.1278082109214749,2019-11-13,306.55
0.9621247839069622,0.9602600787761074,1.096809680968097,1.08309645849291,2019-11-07,318.15
0.9639426861911512,0.9619927252844688,1.098882065816407,1.0781167570366197,2019-11-06,317.55
0.9589598997493736,0.9569535983396668,1.093201754385965,1.0672463396528638,2019-11-05,319.2
0.9742202418841504,0.9696802128252272,1.1105983450031829,1.0820041340256872,2019-11-04,314.2
0.9763955342902711,0.970295640442998,1.1130781499202551,1.0846527934526375,2019-11-01,313.5
0.980304243394716,0.9749877717997724,1.1175340272217773,1.089382281477138,2019-10-31,312.25
1.0,0.9913644340043388,1.2034833591998622,1.1736954228850636,2019-10-30,289.95
1.0,0.9952233846932488,1.2440285204991086,1.2093856316897973,2019-10-29,280.5
1.0,0.997981218643144,1.261324704986677,1.2702651259613953,2019-10-24,262.7
0.9535390199637024,0.95814795799105,1.2027223230490018,1.2207438085289346,2019-10-23,275.5
0.9713440562026252,0.9740587244580832,1.2251802551303386,1.2382815772452662,2019-10-22,270.45
0.9742258483218988,0.974210897567556,1.194140552568144,1.2095200502955714,2019-10-18,269.65
0.9896402335656432,0.9875311697797086,1.213034469768318,1.2137151227649037,2019-10-17,265.45
1.0,0.9968527494271532,1.2583040250097697,1.2515938483950528,2019-10-16,255.9
0.9903250773993808,0.9893259009327064,1.2352941176470589,1.2409801671868548,2019-10-15,258.4
1.0,0.9953967001701872,1.2564455815784294,1.2165096690373705,2019-10-10,254.05
0.9737447297815256,0.970158168843074,1.2234572633192795,1.177272488840096,2019-10-09,260.9
1.0,0.9945554596351484,1.2819277108433735,1.2199346657381431,2019-10-07,249.0
0.9963985594237696,0.9903865817143992,1.2545018007202882,1.2062333383760946,2019-10-04,249.9
0.976470588235294,0.9744390981838884,1.2294117647058824,1.1846101869781742,2019-10-03,255.0
0.9191583610188262,0.9146415675045771,1.0703211517165006,1.1173229442265382,2019-09-30,270.9
0.8853333333333333,0.8772333826171217,1.0028444444444444,1.0850731693505646,2019-09-27,281.25
0.8832919474991132,0.8771120316716223,1.0,1.083444959001289,2019-09-26,281.9
0.888809566303766,0.880278881915993,1.0062466535784402,1.0908011529149753,2019-09-25,280.15
0.8232765746404365,0.8110417334521607,1.0,1.0319086394627024,2019-09-24,302.45
0.7940051020408163,0.7864997763984709,1.0,1.003902582535461,2019-09-23,313.6
0.8253231687106397,0.829578254029061,1.0394431554524364,1.0519632674450852,2019-09-20,301.7
0.9085933223864258,0.9413029848885418,1.144316730523627,1.1634948077380125,2019-09-19,274.05
0.8877005347593583,0.9240227840732732,1.1180035650623887,1.1254811699615823,2019-09-18,280.5
0.9090909090909092,0.9427247194834234,1.144943410003651,1.150933124503184,2019-09-17,273.9
0.8747584753205692,0.9098739349908348,1.1017038468294398,1.1070801015415137,2019-09-16,284.65
0.8536167295166267,0.8858998866033523,1.075077134041824,1.0783025081408153,2019-09-13,291.7
0.8680495032246818,0.9023145716017722,1.0932543141014468,1.0981013347393984,2019-09-12,286.85
0.8727655099894848,0.9078458850892844,1.0991938310550298,1.0872433833829611,2019-09-11,285.3
0.8960057574667147,0.9305842034382056,1.1284634760705292,1.1027596484765991,2019-09-09,277.9
0.9122102573462312,0.9414671195253218,1.1447344405913489,1.119321916427459,2019-09-06,273.95
0.914881933003844,0.94345682705711,1.1480871316126673,1.1226756981029358,2019-09-05,273.15
0.9088925259138024,0.9392203230935596,1.1405710129114386,1.1151294012559856,2019-09-04,274.95
0.9502515371716042,0.9543211644968326,1.1686230668902553,1.142793980398619,2019-09-03,268.35
0.9804530507855316,0.9339232476862052,1.145780051150895,1.1127728009466191,2019-08-30,273.7
0.9770617149098856,0.9321851178465286,1.1418168578190426,1.1070209636487796,2019-08-29,274.65
0.941909441909442,0.8989703735098784,1.100737100737101,1.0639665179081463,2019-08-28,284.9
0.93927196359818,0.8941299804021701,1.0976548827441373,1.0619183972434068,2019-08-27,285.7
0.9575379125780554,0.912936272828034,1.1190008920606602,1.0856544100462415,2019-08-26,280.25
0.9898561416451492,0.9421282084845288,1.1128734784212466,1.124416264958015,2019-08-23,271.1
0.9998137108792848,0.9517621344175732,1.1240685543964233,1.13600038436947,2019-08-22,268.4
0.967375630857967,0.9228877136449514,1.0875991348233598,1.0978754279363183,2019-08-21,277.4
0.9460602855631942,0.903267775840328,1.02838004583113,1.0720789186141009,2019-08-20,283.65
0.9359958144401817,0.9033052733444802,1.0174398325776073,1.061247521995515,2019-08-19,286.7
0.922323423268603,0.8912172483816847,1.002577762502148,1.0507054795592312,2019-08-16,290.95
0.9258237019147836,0.919574265451754,1.0063826116957046,1.0553419473264471,2019-08-14,289.85
0.9468948482709952,0.9376335755218212,1.0266407904022583,1.0825241279439426,2019-08-13,283.4
0.9210571477604256,0.914983903329746,1.0,1.0496778081475504,2019-08-09,291.35
0.9118246687054028,0.9147257703893052,1.0,1.042097879878024,2019-08-08,294.3
0.9255043973098812,0.936565682257644,1.0150025866528714,1.060352803266706,2019-08-07,289.95
0.8907883817427387,0.9049332089920212,1.0,1.024872027041409,2019-08-06,301.25
0.8937552039966695,0.9060375782741682,1.003330557868443,0.9966627695069112,2019-08-05,300.25
0.8701572378019128,0.8842693986073855,1.0,0.9923070824915456,2019-08-02,308.45
0.8461538461538461,0.8594458037855852,1.0,0.9933163154388284,2019-08-01,317.2
0.8083120012046378,0.8263171841783914,1.0,0.9940495638966969,2019-07-31,332.05
0.8195419847328244,0.8410228785952354,1.0138931297709923,1.011613408144331,2019-07-30,327.5
0.7810272079150298,0.796934424699485,1.0,0.99470806918753,2019-07-29,343.65
0.7836496350364963,0.814942483675863,1.0033576642335766,0.9989886200175828,2019-07-26,342.5
0.786174575278266,0.8186138021598091,1.0065905096660808,1.0030828696702143,2019-07-25,341.4
0.7902252318563227,0.8323327605229565,1.011776829088768,1.0095960607210497,2019-07-24,339.65
0.7846806022511328,0.8362374858019279,1.004677678701944,1.0006635629218716,2019-07-23,342.05
0.790763968072976,0.8266467736780867,1.0,0.9950316885535124,2019-07-22,350.8
0.796067415730337,0.8137021193198299,1.0,0.9950316885535124,2019-07-19,356.0
0.7793207754709198,0.8085046539307963,1.0,0.9950316885535124,2019-07-18,363.65
0.7615208921133951,0.7874526146600291,1.0,0.9950316885535124,2019-07-17,372.15
0.7780370624571036,0.8109159952718608,1.02168840082361,1.0221557257609453,2019-07-16,364.25
0.7873315738296985,0.8206054464288788,1.033893596332824,1.0369156666167192,2019-07-15,359.95
0.7975519185806629,0.8140226360156022,1.0236556182093246,1.0245586924877683,2019-07-12,363.55
0.7985403470118424,0.8260490969191094,1.0249242632883502,1.0261034190168614,2019-07-11,363.1
0.8186053077357425,0.8537977324947879,1.050677583286279,1.056648427037096,2019-07-10,354.2
0.8073228456076849,0.8403903487025051,1.0361965752471112,1.0396613978542475,2019-07-09,359.15
0.8161857846586911,0.868085170428565,1.0475721323011962,1.0530454360256822,2019-07-08,355.25
0.8322989746357258,0.8376037184801115,1.004182406907717,0.9983596463506156,2019-07-05,370.6
0.8702331961591221,0.8515744699606582,1.0209876543209877,1.0193358007269988,2019-07-02,364.5
0.9059474412171508,0.8602127271106992,1.029460580912863,1.0296499790046885,2019-07-01,361.5
0.9411194236630646,0.8763976879043023,1.0311720698254363,1.0317126551537354,2019-06-28,360.9
0.9381300925286562,0.8747215261787895,1.0278966993509182,1.0277591455113189,2019-06-27,362.05
0.9487430167597763,0.8893951129303619,1.0395251396648044,1.0416814933991407,2019-06-26,358.0
0.95273492286115,0.9081315326640558,1.043899018232819,1.0426984794221923,2019-06-25,356.5
0.9615003538570416,0.9140405305502796,1.0535031847133758,1.0524593597270775,2019-06-24,353.25
1.0,0.9365379713355916,1.0649592216339965,1.0635079296009229,2019-06-21,349.45
1.0,0.9587180455906748,1.0785393421243297,1.0756519795593005,2019-06-20,345.05
1.0,0.984753313345999,1.098273572377158,1.0971361623042624,2019-06-19,338.85
0.9958853783982368,0.9812698254504568,1.093754592211609,1.0922854884298172,2019-06-18,340.25
1.0,1.0011766726713351,1.1018504811250924,1.0958932564052135,2019-06-17,337.75
0.9822597062672676,0.9891730284327762,1.0777955503853425,1.0727302654532946,2019-06-14,343.85
0.9753104244874388,0.981260603325002,1.070170372509385,1.059908979780495,2019-06-13,346.3
0.981260894828588,0.9874693406885756,1.0766995932597327,1.062182224890581,2019-06-12,344.2
0.9723621707211746,0.9779800446059904,1.0669353677846551,1.048236746326675,2019-06-11,347.35
0.9835468841001748,0.9892464253022208,1.0792079207920793,1.0621477060231097,2019-06-10,343.4
0.988584809015074,0.9918073519555192,1.0847358407727208,1.0683099298629968,2019-06-07,341.65
1.0,1.0026899186752851,1.0995401275775107,1.084505181367874,2019-06-06,337.05
0.9565772669220944,0.9636598776483344,1.0424294025826593,1.0375175531215464,2019-06-04,352.35
0.9497041420118344,0.9587449389297654,1.0316990701606086,1.0286220724349562,2019-06-03,354.9
0.9560346050205644,0.9638611576707397,1.0269465324067508,1.0368552115019447,2019-05-31,352.55
0.9530609359536264,0.9615232815062592,1.0237522974692497,1.0330015108497486,2019-05-30,353.65
0.9670061684119924,0.9744069769778594,1.038731889255487,1.0508670199225354,2019-05-29,348.55
0.9352108768035516,0.9436945797799846,1.004578246392897,1.0167710413297002,2019-05-28,360.4
0.9846625766871164,0.9953689219355008,1.05594507741747,1.08112505461558,2019-05-23,342.3
0.988851400909491,0.997862904962444,1.0604371424380226,1.0790665181381969,2019-05-22,340.85
0.998518737964746,1.002797221288892,1.070804325285143,1.0881277719980067,2019-05-21,337.55
0.978090539756239,0.9858414804174072,1.0488972721996517,1.0597563932641756,2019-05-20,344.6
1.0,1.001233473287149,1.1332497256623295,1.1448007468592605,2019-05-17,318.95
1.0,1.0013517414545077,1.146732233502538,1.1580266233875869,2019-05-16,315.2
1.0,1.0013054718979268,1.1599807445442871,1.1627455288964983,2019-05-15,311.6
0.992672825740682,0.9907366571306844,1.151481363491558,1.1410386849963257,2019-05-14,313.9
1.0,0.996517550597128,1.178321108394458,1.1667363843131922,2019-05-13,306.75
0.9957799058594384,0.9930655939868276,1.1733484823892224,1.1620649757132322,2019-05-10,308.05
1.0,0.9982164667405165,1.2078529657477026,1.1936786221781894,2019-05-09,299.25
1.0,0.9971770424869756,1.212512579671251,1.164493516897372,2019-05-08,298.1
0.974660781428805,0.9757841569223836,1.181788458394638,1.1303257530726465,2019-05-07,305.85
0.965662455458374,0.9681037027332208,1.1708778749595077,1.1177728943142589,2019-05-06,308.7
0.9642568332524666,0.9656889956843602,1.1691735403525798,1.116094542816538,2019-05-03,309.15
0.9695885509839,0.9709766648996064,1.1756383151731988,1.1152280427230647,2019-05-02,307.45
0.9609929078014184,0.9636324741154544,1.1652159896840748,1.1065335346255023,2019-04-30,310.2
0.9545308997758566,0.9560593246154144,1.1354466858789625,1.1019038087357476,2019-04-26,312.3
0.9732288605941888,0.9740429822903736,1.157688540646425,1.1243292391458894,2019-04-25,306.3
0.9594464113292568,0.968233551573353,1.1412938525909238,1.1078847553325393,2019-04-24,310.7
0.9752985440863734,0.9818762813149764,1.1274333387861937,1.126758141604422,2019-04-23,305.65
0.9616129032258064,0.9692060187752584,1.1116129032258064,1.1105012315074083,2019-04-22,310.0
0.9588292055323256,0.9635098781801652,1.025892569958186,1.1071371696022207,2019-04-18,310.9
0.9439518682710576,0.9492726382666938,1.0,1.0943739193141335,2019-04-16,315.8
0.9444004435292256,0.950909667535992,1.0004752098843657,1.094932317827182,2019-04-15,315.65
0.9454487789406916,0.9508660348662828,1.0015857913098636,1.096235228469532,2019-04-12,315.3
0.9472513504925328,0.9540042508836876,1.0034953924372418,1.0984687267449271,2019-04-11,314.7
0.9579048843187662,0.9636108094991744,1.0147814910025708,1.1114958624012372,2019-04-10,311.2
0.9458987783595116,0.9549847647125662,1.002062509915913,1.096793610490079,2019-04-09,315.15
0.953005115089514,0.9605845383295178,1.0095907928388748,1.0911765463573653,2019-04-08,312.8
0.9641955835962144,0.9491369481828156,1.0,1.055278299040158,2019-04-05,317.0
0.9501087970158532,0.936605696770543,1.0,1.044490433337783,2019-04-04,321.7
0.9532200218306563,0.940399562291152,1.003274598471854,1.0486927363616574,2019-04-03,320.65
0.9302998021610104,0.9213459667904896,1.0,1.029036251660329,2019-04-02,328.55
0.9468711276332094,0.9340811908703642,1.017812887236679,1.0114817327890635,2019-04-01,322.8
0.9527743142144638,0.9427300651540222,1.0241583541147132,1.0192943808648096,2019-03-29,320.8
0.9599560301507538,0.950379033141532,1.0318781407035178,1.0287409569825856,2019-03-28,318.4
0.9922090569712708,0.9745746049797318,1.0665476383703945,1.06915642847115,2019-03-27,308.05
1.0,0.9842995832912136,1.0832509066930431,1.0876971160317264,2019-03-26,303.3
1.0,0.99133203591025,1.118277739959156,1.124763200006151,2019-03-25,293.8
0.9855753102985576,0.97989311861977,1.1021469305602147,1.1079885298440248,2019-03-22,298.1
0.968199044323612,0.9647244284962851,1.0827154391168232,1.0792331156553832,2019-03-20,303.45
0.9704376548307184,0.9643890263798368,1.0852188274153594,1.0791831023248817,2019-03-19,302.75
0.9844195007538952,0.9778122607966284,1.1008544144747865,1.0927556832123984,2019-03-18,298.45
0.9868995633187774,0.9809844358677294,1.1036278132348003,1.0806730858006648,2019-03-15,297.7
1.0,0.98951649521051,1.128456122273742,1.0999969982616289,2019-03-14,291.15
0.9948744233726294,0.985869281211848,1.1226721339484027,1.0939660063202248,2019-03-13,292.65
1.0,0.9927076851326068,1.1467713787085516,1.1186894409514634,2019-03-12,286.5
0.9989539748953976,0.9931495391617808,1.1455718270571826,1.117483646043304,2019-03-11,286.8
1.0,0.9932849440814844,1.1681777777777778,1.1387607064693064,2019-03-08,281.25
1.0,0.9946343769131868,1.168593277609817,1.132755500212536,2019-03-07,281.15
1.0,0.9959013740255128,1.1833243291914282,1.145786323081834,2019-03-06,277.65
1.0,0.9964034138047372,1.1901829378735735,1.144598984916074,2019-03-05,276.05
1.0,0.995390089896326,1.1753068327532517,1.1573844581557369,2019-03-01,272.95
1.0,0.996187914576775,1.1892493049119557,1.1614131761343711,2019-02-28,269.75
1.0,0.997435580459502,1.2003741814780169,1.1716758965889238,2019-02-27,267.25
1.0,0.99543106256195,1.1956440105144572,1.1668007398547011,2019-02-26,266.3
0.9855662472242784,0.98384277163069,1.140081421169504,1.151473072871675,2019-02-25,270.2
0.9835641735918744,0.981190761822464,1.120775623268698,1.1448001242480543,2019-02-22,270.75
0.9953279760792376,0.9888108122115152,1.1341805270042982,1.1554670978022017,2019-02-21,267.55
0.9971915371653248,0.9896332861909252,1.136304062909567,1.1522949685637347,2019-02-20,267.05
1.0,0.994499573880812,1.156,1.1679757559597477,2019-02-19,262.5
0.9726642950758284,0.9725582711550728,1.1147725145103913,1.1392197245029596,2019-02-14,267.05
0.968313140726934,0.9638386508728516,1.109785647716682,1.1296503433701002,2019-02-13,268.25
0.9431735657225854,0.9413033140553692,1.062636165577342,1.1016972802390652,2019-02-12,275.4
0.9283416726233024,0.925162928479307,1.0459256611865615,1.065240427584509,2019-02-11,279.8
0.9112436414664092,0.9070757764054552,1.0,1.039401639866059,2019-02-08,285.05
0.9031641168289288,0.9000048891170744,1.0,1.032596168977874,2019-02-07,287.6
0.9012838306731435,0.9032408765190196,1.0,1.0309947347927475,2019-02-06,288.2
0.9130052724077328,0.9197292679031868,1.0130052724077327,1.0470173787869763,2019-02-05,284.5
0.9159026798307476,0.92544939380462,1.0162200282087446,1.049057716342368,2019-02-04,283.6
0.9136475553992262,0.932269318373565,1.0137179036229331,1.0343967225300403,2019-02-01,284.3
0.8854610533492414,0.90864049284708,1.0,1.0012031375931132,2019-01-31,293.35
0.9034782608695652,0.931233948678701,1.0203478260869565,1.0143842416209454,2019-01-30,287.5
0.92520035618878,0.9508614057852568,1.044879786286732,1.0440735074476466,2019-01-29,280.75
0.9224076704545454,0.9468910237616632,1.0417258522727273,1.040335264382923,2019-01-28,281.6
0.9106047326906224,0.935961980361186,1.0283961437335671,1.0242814712199833,2019-01-25,285.25
0.902066330960236,0.9277033878996824,1.018753255773572,1.012404701205713,2019-01-24,287.95
0.9066317626527052,0.9322230778118008,1.0239092495637,1.0187831080411711,2019-01-23,286.5
0.8947640372028935,0.9203686754658846,1.010506372717878,1.0020665984088453,2019-01-22,290.3
0.8843114175214393,0.898245688731991,1.0,0.9891424533644192,2019-01-17,297.35
0.8685383980181668,0.8885721086078582,1.0,0.9900133242571024,2019-01-16,302.75
0.8872093023255815,0.8975069094137882,1.005813953488372,0.9974663761007194,2019-01-15,301.0
0.8926788685524126,0.8982695005569936,1.0074875207986689,0.9995957421867044,2019-01-14,300.5
0.9279457940836224,0.896686600811758,1.0006610477607008,0.9908651227662036,2019-01-11,302.55
0.9215493188905302,0.8933705488388091,1.0,0.9911448908257232,2019-01-10,304.65
0.9203409277167676,0.8943972881941655,1.0,0.9924768391453522,2019-01-09,305.05
0.9201901016060308,0.8974390116242321,1.0,0.9924852117302512,2019-01-08,305.1
0.9494420020290836,0.9255787895032462,1.031788975312817,1.0321322584928836,2019-01-07,295.7
0.9436974789915966,0.9244810360606748,1.0255462184873951,1.0241076964023446,2019-01-04,297.5
0.9646108915993816,0.9481539868096016,1.0482734925270571,1.0532261689263411,2019-01-03,291.05
0.9554194316828312,0.9429766030995316,1.0382848392036754,1.0412038904040768,2019-01-02,293.85
0.9687553065036508,0.9714746750774172,1.0361691288843609,1.0399451025661963,2018-12-28,294.45
0.9773856433099194,0.978967474964381,1.0454000342641767,1.043457156186767,2018-12-27,291.85
0.9704031297839768,0.972603329050962,1.0379316210239835,1.034926670757956,2018-12-26,293.95
0.978483606557377,0.9759256481885829,1.0420081967213115,1.0398108454452657,2018-12-24,292.8
0.9979427395851193,0.9796474335600208,1.0461169209669126,1.044694888863693,2018-12-21,291.65
0.9904713289093074,0.9709366577090326,1.0382848392036754,1.0353513867723685,2018-12-20,293.85
0.9688748335552596,0.9527649542285584,1.0156458055925437,1.0092101838327587,2018-12-19,300.4
0.9948726713382328,0.9777496345998404,1.0428986498034525,1.0425084353348273,2018-12-18,292.55
1.0,0.9857368594611738,1.0569894335700678,1.0590492652274612,2018-12-17,288.65
0.998270793705689,0.9872766544045988,1.0551616807885182,1.0569287327459171,2018-12-14,289.15
1.0,0.9966911344870354,1.0571725571725572,1.0592613170533385,2018-12-13,288.6
1.0,1.0038411319257003,1.0695880806310254,1.0734681922517262,2018-12-12,285.25
1.0,1.0021275357172987,1.0849928876244668,1.0906420553949108,2018-12-11,281.2
1.0,0.9976722390171704,1.115947329919532,1.123712392984034,2018-12-10,273.4
0.9927378358750908,0.992299518107542,1.0907770515613653,1.10345306083247,2018-12-07,275.4
0.9914777878513144,0.9902307568403226,1.0893925657298276,1.0966466225418914,2018-12-06,275.75
0.9526132404181183,0.953794799468498,1.0466898954703832,1.044685283368342,2018-12-03,287.0
0.96149112009847,0.9634444211432488,1.056444522595393,1.0561204474131778,2018-11-30,284.35
0.9551091703056768,0.9577376588333556,1.0494323144104802,1.047921726544416,2018-11-29,286.25
0.9621678690832308,0.9645634541287136,1.0571881048741862,1.0569834480397644,2018-11-28,284.15
0.9458571181456494,0.9508712727673968,1.0392665628783946,1.0385724275134884,2018-11-27,289.05
0.9569478473923696,0.9672756309928344,1.0514525726286317,1.052981106249957,2018-11-26,285.7
0.9659070835541422,0.9762222143941952,1.0612965907083554,1.0500172201894564,2018-11-20,283.05
0.948646773074254,0.9608486153250654,1.0423317140874393,1.0279849977028237,2018-11-19,288.2
0.941784361005856,0.954119689860906,1.0,1.021303480018091,2018-11-16,290.3
0.9582895198037152,0.9690881529143532,1.0175254118471784,1.04445115745124,2018-11-15,285.3
0.9636940430031724,0.9708783115801464,1.0232640112795206,1.0518118652019808,2018-11-14,283.7
0.9829228833363292,0.9841005962345258,1.043681466834442,1.0757644244132256,2018-11-13,278.15
0.9607535321821036,0.9573245325900483,1.0127332984475843,1.0390778866705848,2018-11-07,286.65
0.962478184991274,0.9578067818715936,1.01326352530541,1.039725416750929,2018-11-06,286.5
0.9405689129698612,0.9329982863188688,1.0,1.0099781258619205,2018-11-05,295.3
0.9730250481695568,0.96656664784986,1.0345069188999825,1.0381298029738733,2018-11-02,285.45
0.972173608680434,0.9656528756971576,1.0336016800840042,1.037045265999629,2018-11-01,285.7
0.9901960784313726,0.9824362867968048,1.0527629233511586,1.0596011603365654,2018-10-31,280.5
1.0,0.9965171811673612,1.0810909756544025,1.0914737816033024,2018-10-30,273.15
1.0,0.9964887360078176,1.1016601380339488,1.113582678419912,2018-10-29,268.05
1.0,0.998880838586678,1.1902458686013704,1.2000069746211206,2018-10-26,248.1
0.9937913078309633,0.9912469180065429,1.182855998397757,1.193296083038325,2018-10-25,249.65
0.971037181996086,0.972495498320736,1.1557729941291586,1.1540393883965565,2018-10-24,255.5
0.9716075974153124,0.973798182679616,1.156451928725279,1.1546972728975708,2018-10-23,255.35
0.9544143104443162,0.9576112309731704,1.1359876899403731,1.1264419735993296,2018-10-22,259.95
0.9511213341000574,0.9524296496182716,1.132068238451217,1.110482372131879,2018-10-19,260.85
0.9500287191269386,0.9516838305447958,1.1307677579934905,1.1004320086144008,2018-10-17,261.15
0.9182087342709104,0.9223149716552936,1.0928941524796447,1.063558856630434,2018-10-16,270.2
0.942092272640972,0.9471974992064088,1.1213214353521928,1.0942800947626248,2018-10-15,263.35
0.9464047301163456,0.9569722140840314,1.1264543200457755,1.0996607785618506,2018-10-11,262.15
0.8921251348435814,0.9120517401616228,1.0618482560230134,1.0421169171236828,2018-10-10,278.1
0.9446030839520276,0.9662890105934748,1.1243099181420142,1.1113298631548103,2018-10-09,262.65
0.916851441241685,0.9324022158196013,1.05580192165558,1.0760556341463292,2018-10-04,270.6
0.91651274473587,0.9320687471384052,1.055411895086812,1.074996205443428,2018-10-03,270.7
0.908624793993774,0.9239304370253651,1.0272843801501557,1.0643596707015222,2018-10-01,273.05
0.9362264150943396,0.9483621552485796,1.049433962264151,1.098662187265176,2018-09-28,265.0
0.9362264150943396,0.949296317326728,1.049433962264151,1.0898999377701668,2018-09-27,265.0
0.9397727272727272,0.9496655361285128,1.053409090909091,1.0943586283560092,2018-09-26,264.0
0.9237742830712304,0.9300487616389226,1.0290471785383906,1.0664871290838012,2018-09-25,270.25
0.9652239652239653,0.9566498341478024,1.0512190512190511,1.0919063846189232,2018-09-24,264.55
0.9546380299944456,0.9394274755795738,1.0298092945750787,1.0673791865263504,2018-09-21,270.05
0.9498894620486368,0.9365781355160364,1.024686809137804,1.0620795484736765,2018-09-19,271.4
0.9408759124087592,0.9227163520695794,1.0149635036496352,1.0253507628118206,2018-09-18,274.0
0.9026610644257704,0.8871174356491236,1.0,0.9927636766432876,2018-09-17,285.6
0.887741046831956,0.87341453639316,1.0,0.993405984094056,2018-09-14,290.4
0.9031354002452268,0.8915532051053381,1.0173410404624277,1.0152423504298158,2018-09-12,285.45
0.9132128940843076,0.9026224143250609,1.028692879914984,1.0291354913798478,2018-09-11,282.3
0.904561403508772,0.9005514431056764,1.0189473684210526,1.0172272172433892,2018-09-10,285.0
0.8833304779852664,0.8848930222415372,1.0,0.9936899293482484,2018-09-07,291.85
0.8690375863812575,0.884527951558161,1.0,0.9944520591740308,2018-09-06,296.65
0.8687447346251054,0.8956582578744203,1.0,0.9944586437767408,2018-09-05,296.75
0.8900876601483478,0.9016236583643044,1.0005057316250845,0.9951057301693114,2018-09-04,296.6
0.8567256206392991,0.8721358514952977,1.0022716209638165,0.9979280847508368,2018-08-30,308.15
0.852575488454707,0.877449942316922,1.0,0.9950316885535124,2018-08-29,309.65
0.8657156910969012,0.898244064144105,1.015412362682407,1.014426794919712,2018-08-28,304.95
0.8564476885644768,0.8882258790758815,1.0045417680454176,1.0008094180569869,2018-08-27,308.25
0.8992673992673993,0.9115452278351842,1.031135531135531,1.0336110903476938,2018-08-24,300.3
0.8934656741108354,0.9093142789395828,1.0244830438378825,1.0255666190326589,2018-08-23,302.25
0.8843271423916585,0.8959354119415766,1.0089605734767024,1.006380429767895,2018-08-21,306.9
0.8824581368883108,0.8932228680529621,1.0068281580230856,1.0036981364907025,2018-08-20,307.55
0.9347682119205298,0.9247150672218136,1.0253311258278146,1.026598006812339,2018-08-17,302.0
0.9644687393235396,0.9430594778489302,1.0579091219678851,1.0629000068079708,2018-08-16,292.7
0.957923311842552,0.9380374892306204,1.0507295554801492,1.0546385831300176,2018-08-14,294.7
0.9575983717774764,0.937797633105592,1.050373134328358,1.0531830871333818,2018-08-13,294.8
0.9586138939070457,0.907886253146725,1.0170799802923305,1.0132748734235284,2018-08-10,304.45
0.9222626007268132,0.8735294570490102,1.0,0.9950316885535124,2018-08-09,316.45
0.9455694151952052,0.8977254733116207,1.0252713429450837,1.026525358696199,2018-08-08,308.65
0.9628289473684212,0.912688850930974,1.040953947368421,1.0452946091533464,2018-08-07,304.0
0.9486306919462,0.9104337052099069,1.0256036298817046,1.026929045420958,2018-08-06,308.55
0.980241125251172,0.9460362305387654,1.0597789685197587,1.0670853739877844,2018-08-03,298.6
0.995578231292517,0.9647699255418428,1.0763605442176871,1.08564273039668,2018-08-02,294.0
0.9918671636733308,0.9758419463881834,1.0723483564893257,1.0812055454610736,2018-08-01,295.1
0.9976141785957736,0.9812180212998692,1.0785616905248807,1.0880628934346348,2018-07-31,293.4
0.9843618631242642,0.9695798913009366,1.0642340675971076,1.060757076426606,2018-07-30,297.35
1.0,0.9945159644682612,1.1041521284019538,1.1043807888755588,2018-07-27,286.6
0.999651203348448,0.9983919150656588,1.103767003836763,1.1039737261615676,2018-07-26,286.7
1.0,0.998503125034249,1.1657763860747836,1.1519812023005256,2018-07-25,271.45
1.0,0.997961749340668,1.1865391826021747,1.1697409804172962,2018-07-24,266.7
1.0,0.9983693450269576,1.1878753753753757,1.1709780000514751,2018-07-23,266.4
1.0,0.9994830254407252,1.2126844223031232,1.1934454761627409,2018-07-20,260.95
1.0,0.999912226352843,1.216413607534115,1.196742628727718,2018-07-19,260.15
1.0,1.0003398454990684,1.2218146718146718,1.1859872564735614,2018-07-18,259.0
0.9990356798457088,1.0003483812025524,1.2206364513018322,1.1849420613298451,2018-07-17,259.25
1.0,1.0037036571287845,1.2570009930486594,1.1926645096228845,2018-07-16,251.75
0.9772903726708072,0.9833287233013586,1.2284549689440991,1.1595733560562722,2018-07-13,257.6
0.9581351094196005,0.9658615678838406,1.2043767840152235,1.13686413826569,2018-07-12,262.75
0.9723831595210508,0.9764417022272546,1.2222865971417536,1.1469872786075868,2018-07-11,258.9
0.9554079696394688,0.9607944437844356,1.2009487666034155,1.12841903762934,2018-07-10,263.5
0.9632676487468912,0.9677754761047213,1.1809833556533382,1.13772629244881,2018-07-09,261.35
0.977859778597786,0.980086708273809,1.1598368615265102,1.15460524579116,2018-07-06,257.45
0.981098986749805,0.9829139772594856,1.163678877630553,1.1582832937278675,2018-07-05,256.6
0.9716325742956388,0.9805512019154986,1.1476263990737168,1.147464786045188,2018-07-02,259.1
0.9708831469340532,0.9768740595709002,1.1056691091399922,1.146599211896127,2018-06-29,259.3
0.980144052949192,0.9827020671894708,1.116215690091493,1.1533614381679749,2018-06-28,256.85
0.9621631951079688,0.9656913626950762,1.0957385820752914,1.1151115415945336,2018-06-27,261.65
0.942354482500468,0.9508323816349508,1.0731798615010295,1.1006759482344208,2018-06-26,267.15
0.938315318673127,0.9450761748112598,1.0117405888930302,1.0977057399069656,2018-06-25,268.3
0.9213174748398902,0.9267699453667344,1.0,1.0595600820723698,2018-06-22,273.25
0.9369184964644586,0.942112678003676,1.0169333829549685,1.0764621543839634,2018-06-21,268.7
0.9213174748398902,0.9264634029669144,1.0,1.0562546406165685,2018-06-20,273.25
0.9241923641703378,0.929016798044292,1.003120411160059,1.0600301402199666,2018-06-19,272.4
0.9093371862019144,0.9220667851697442,1.0,1.046571110109075,2018-06-18,276.85
0.9245181048459736,0.92205424533331,1.0,1.0148949105742702,2018-06-15,277.55
0.9076759816059428,0.9090436799670328,1.0,1.0004819782980534,2018-06-14,282.7
0.8920563184425518,0.8947290899029072,1.0,0.989469324029228,2018-06-13,287.65
0.9071946261269224,0.9114755496814824,1.0169701255082195,1.0108528020031666,2018-06-12,282.85
0.9376941348437788,0.9477123423628896,1.0511602411839942,1.0518205270022651,2018-06-11,273.65
0.940960762742941,0.9519663309260592,1.0548221488815548,1.0560495257750149,2018-06-08,272.7
0.9530176415970288,0.957986534749178,1.0683379758588671,1.0714052126825384,2018-06-07,269.25
0.9507224898110412,0.9562300744482374,1.0657650981845128,1.0685123864914794,2018-06-06,269.9
0.9738140417457306,0.969216325144038,1.091650853889943,1.0969898595256409,2018-06-05,263.5
0.9762447738502472,0.9710958907498644,1.0933105283162294,1.0987692675110967,2018-06-04,263.1
0.9628865979381444,0.9692931312835804,1.0783505154639177,1.074994042496885,2018-06-01,266.75
0.9541233283803864,0.959861766588762,1.0685364041604757,1.0486994646675547,2018-05-31,269.2
0.9623454477332336,0.9681980872658146,1.0777444735856123,1.0575033141751589,2018-05-30,266.9
0.9696111740279352,0.972825549680032,1.085881464703662,1.061758647726911,2018-05-29,264.9
0.9798882681564248,0.9632152268673804,1.0713221601489755,1.0494580581606467,2018-05-24,268.5
0.9996200607902735,0.9811583609433612,1.0928951367781157,1.0735386556641784,2018-05-23,263.2
1.0,0.9949659952215228,1.131811922093252,1.1146358201901927,2018-05-22,254.15
1.0,0.9945411873225584,1.1736026111791105,1.1557031506638609,2018-05-21,245.1
1.0,0.9962944306108245,1.20255016722408,1.1824586506628385,2018-05-18,239.2
0.98314837648993,0.9830923872431062,1.1822852445540484,1.1638673905278825,2018-05-17,243.3
0.983754883816574,0.9828462731258908,1.1830146000411268,1.1585742870492726,2018-05-16,243.15
0.9621882542236524,0.9644585680577726,1.157079646017699,1.1337172181896946,2018-05-15,248.6
0.944148411288731,0.945992463991854,1.1353858298796131,1.1029443338702805,2018-05-14,253.35
0.9533678756476685,0.9529275909876286,1.0868872060581904,1.097957007959988,2018-05-11,250.9
0.964710627142569,0.9635306298440728,1.0998185117967332,1.111446294298896,2018-05-10,247.95
0.9614147909967844,0.9607177565818168,1.0960610932475885,1.1074893151382843,2018-05-09,248.8
0.9568,0.9619820869946234,1.089,1.1018806885408412,2018-05-08,250.0
0.9703853955375252,0.9751202135438124,1.1044624746450304,1.1197885882019518,2018-05-07,246.5
0.9886340152924158,0.9886197863811912,1.125232486050837,1.1412738633967825,2018-05-04,241.95
0.9892473118279568,0.989854808542692,1.1259305210918114,1.141975636235122,2018-05-03,241.8
0.9939746519842092,0.9920024045192284,1.1313110326199876,1.1429138619903467,2018-05-02,240.65
0.9711733658140478,0.9709603913174828,1.105359317904994,1.103708633450531,2018-04-30,246.3
0.985781990521327,0.9827987923412912,1.106532042035854,1.0963064674729963,2018-04-27,242.65
1.0,0.9940946797353564,1.1506320977073066,1.1389699848716504,2018-04-26,233.35
0.9829401853411962,0.9788243863140464,1.131002527379949,1.1115445733729994,2018-04-25,237.4
0.9698669991687447,0.9675949687182116,1.1159600997506234,1.0954671909544955,2018-04-24,240.6
0.96147507210548,0.9581061280943584,1.084466419447878,1.085160668401822,2018-04-23,242.7
0.9666528583264292,0.9619889959993556,1.0495028997514495,1.0915410353241015,2018-04-20,241.4
0.9476142131979696,0.9444907888505868,1.0288324873096446,1.067735115593878,2018-04-19,246.25
0.9476142131979696,0.9440042769882028,1.0288324873096446,1.0676379005275027,2018-04-18,246.25
0.9401692183722804,0.936576726361346,1.0207493956486704,1.0618561465916918,2018-04-17,248.2
0.9360208584035298,0.939545636036674,1.016245487364621,1.058594230504356,2018-04-16,249.3
0.9289410828025478,0.9339730509622264,1.0,1.052959322521385,2018-04-13,251.2
0.9176169878096736,0.9247012922136008,1.0,1.0325542929120382,2018-04-12,254.3
0.9069179945588808,0.9147033360226848,1.0,1.0235209683097517,2018-04-11,257.3
0.8864197530864197,0.9021690527805964,1.0,0.988798182865444,2018-04-10,263.25
0.895605450009595,0.9126235848809724,1.0103626943005182,1.0020156675329073,2018-04-09,260.55
0.8981909160892994,0.9190212806220064,1.0132794457274827,1.0056869181221562,2018-04-06,259.8
0.9030572755417956,0.9266238716614856,1.0187693498452013,1.0125395957681274,2018-04-05,258.4
0.9451194815714864,0.961768795055952,1.066221142162819,1.0688126248573049,2018-04-04,246.9
0.9320950669063311,0.9508310938022376,1.0515278609946077,1.052948360408442,2018-04-03,250.35
0.947421843280552,0.9655925116198708,1.068818514007308,1.072758828645991,2018-04-02,246.3
0.9330267892842864,0.9505441471719188,1.052578968412635,1.0541838590773418,2018-03-28,250.1
0.919243647823518,0.936596352420532,1.0370297419736063,1.0324555454261723,2018-03-27,253.85
0.963669575806779,0.9647255814964556,1.0686015831134563,1.0680892414282126,2018-03-26,246.35
1.0,0.986974675271638,1.1221227621483376,1.1233695655163085,2018-03-23,234.6
0.9710264900662252,0.9622284496739162,1.089610927152318,1.0809500103439085,2018-03-22,241.6
0.9471134436818732,0.941356518040614,1.0627775534921275,1.0507646335348273,2018-03-21,247.7
0.941223671013039,0.9358577442871306,1.0561685055165495,1.0445272614685557,2018-03-20,249.25
0.9455864570737604,0.93988533493306,1.0610640870616688,1.0502124952295562,2018-03-19,248.1
0.9287410926365796,0.9232953881555174,1.0421615201900238,1.027964114365955,2018-03-16,252.6
0.923258559622196,0.9181949183392089,1.0360094451003543,1.0210185436054071,2018-03-15,254.1
0.91284046692607,0.906799100829602,1.0243190661478598,1.012865530585085,2018-03-14,257.0
0.9203609258532758,0.9271914001611214,1.032757944291879,1.024594858125793,2018-03-13,254.9
0.9278228198536682,0.9439859163318222,1.0411311053984575,1.0348459878683287,2018-03-12,252.85
0.9267232865889788,0.9423674283882616,1.026269010468102,1.0334351137857587,2018-03-09,253.15
0.9137293086660176,0.929964039524467,1.0118792599805255,1.0156830136474102,2018-03-08,256.75
0.9511453476586256,0.9643066115209596,1.0533144131360228,1.0654822425148525,2018-03-07,246.65
0.9146198830409356,0.9294422800170808,1.0074074074074073,1.0169158630798742,2018-03-06,256.5
0.8893100833965124,0.905238804198175,1.0,0.9953788304270336,2018-03-05,263.8
0.8935440868406017,0.9096104081587224,1.0047609979051608,1.0014757329930186,2018-03-01,262.55
0.8729302325581395,0.8863494974389969,1.0,0.9963418656170078,2018-02-28,268.75
0.8760268857356236,0.8903992910732195,1.003547423450336,1.000887419879098,2018-02-27,267.8
0.8538671519563239,0.8683507541883593,1.0,0.9971552494130482,2018-02-26,274.75
0.8496921405287938,0.862920248220119,1.0,0.9972301462173276,2018-02-23,276.1
0.8606016140865737,0.8910093196101405,1.0128393250183418,1.0135088733122524,2018-02-22,272.6
0.8590259978030025,0.8979469301590861,1.0109849871841816,1.0111834456532929,2018-02-21,273.1
0.89597626552939,0.908645693122602,1.023919896161691,1.027228168540345,2018-02-20,269.65
0.8845257306795767,0.8849266665413114,1.0,0.9973876025157568,2018-02-15,278.85
0.8910765895953757,0.8931718087796565,1.007406069364162,1.006822470600013,2018-02-14,276.8
0.8549393414211439,0.8552722374863764,1.0,0.9978396136742084,2018-02-12,288.5
0.832152496626181,0.8316491335306384,1.0,0.9962295522882976,2018-02-09,296.4
0.8182119754519821,0.8166794706018439,1.0,0.9957143298980426,2018-02-08,301.45
0.8425277540563622,0.8474117634707086,1.029718189581554,1.0326088903230095,2018-02-07,292.75
0.8461406518010292,0.872155277834622,1.0341337907375645,1.0372026146255526,2018-02-06,291.5
0.8285186429291234,0.8709958751014788,1.012596573731945,1.0109277818178524,2018-02-05,297.7
0.8843044796227687,0.8732334008284277,1.0153250252610306,1.014318559772985,2018-02-02,296.9
0.8592701685485191,0.86267368523738,1.0,0.9950316885535124,2018-02-01,305.55
0.839488409272582,0.8431125441521241,1.0,0.9950316885535124,2018-01-31,312.75
0.8392200735176601,0.8436472683790295,1.0,0.9950316885535124,2018-01-30,312.85
0.8603342976534875,0.8498989138866768,1.0056252009000322,1.002179921044302,2018-01-29,311.1
0.854702219383682,0.8434274837461813,1.0,0.9950316885535124,2018-01-25,313.15
0.8122913505311077,0.8053668911149465,1.0,0.9950316885535124,2018-01-24,329.5
0.8416666666666666,0.8437239359478812,1.0361635220125789,1.0396220770829654,2018-01-23,318.0
0.8739591836734694,0.8920039020604613,1.0759183673469388,1.0851553517038557,2018-01-22,306.25
0.8793075554117457,0.882638198683712,1.0661705225691636,1.0743074580727408,2018-01-19,309.05
0.8976052848885219,0.9198808719417032,1.088356729975227,1.0987128261194956,2018-01-18,302.75
0.8870572874163538,0.920855652483557,1.0755671617431042,1.0847679558844612,2018-01-17,306.35
0.9346614891102484,0.9433929223422132,1.1126118521019754,1.1242708010225115,2018-01-16,296.15
0.9652317880794702,0.9350960019308178,1.0910596026490067,1.0725744715140306,2018-01-11,302.0
0.9682776947350938,0.9379172003826536,1.0945025743232022,1.076345087641,2018-01-10,301.05
0.9580936729663106,0.9273559477170532,1.0829909613804438,1.059488210868775,2018-01-09,304.25
0.953705218387044,0.9235328281594932,1.07803042695894,1.053911324765217,2018-01-08,305.65
0.9671783148269104,0.9215357213658943,1.0760940561724364,1.0514858105158111,2018-01-05,306.2
0.9613699074825516,0.9202660342317992,1.0696315533192664,1.047007371520658,2018-01-04,308.05
0.977876836717847,0.944361261019855,1.0879973584282647,1.0676772188646757,2018-01-03,302.85
0.9777154176295808,0.9536433377719752,1.0878177616375042,1.0674784986649557,2018-01-02,302.9
0.9605903340901718,0.9659194640052532,1.0687641907233214,1.0482588501712495,2017-12-28,308.3
0.9427025306382302,0.9502729235710528,1.0488620085946203,1.0322355382440616,2017-12-27,314.15
0.9346694019252012,0.9417176602646206,1.0399242543790437,1.0256947765196471,2017-12-26,316.85
0.9259027669219946,0.932181340771018,1.0,1.0184255935031672,2017-12-22,319.85
0.9355552045490444,0.9490002606349508,1.0104248933817723,1.0313623794740696,2017-12-21,316.55
0.9334909377462568,0.9520399081441672,1.0081954294720252,1.0286183889245315,2017-12-20,317.25
0.927062138049773,0.9482595314163416,1.0012521521364848,1.01999380028425,2017-12-19,319.45
0.9286610222640326,0.9487897405863174,1.0029789902790844,1.022150034749963,2017-12-18,318.9
0.962589928057554,0.9708199387947188,1.0227018385291766,1.0462566353562983,2017-12-15,312.75
0.958605317624582,0.9672269993479088,1.0184683967521095,1.041161557040357,2017-12-14,314.05
0.9610534716679968,0.969178388611518,1.0210694333599362,1.0442970302730716,2017-12-13,313.25
0.9455087939698492,0.952620599904153,1.0045540201005028,1.02351328354476,2017-12-12,318.4
0.9458058435438266,0.9566737832855358,1.0048696198554825,0.9988629097192756,2017-12-11,318.3
0.9671084144978448,0.9720126278992816,1.02139549736548,1.0194644772335848,2017-12-08,313.15
0.9565698041692988,0.9614011976629177,1.0102653190145294,1.004845456971534,2017-12-07,316.6
0.9698959167333868,0.9716708648388094,1.0243394715772618,1.0215205751939438,2017-12-06,312.25
0.9484810523019104,0.9505577835812646,1.0017225180081428,0.9946371423850308,2017-12-05,319.3
0.9666453878072137,0.9679524766839565,1.0209064794127034,1.0186438695136366,2017-12-04,313.3
0.9864021756518956,0.9836977354232884,1.0233562629979205,1.021644206972568,2017-12-01,312.55
0.9620845685754408,0.9605725733420072,1.0,0.9933716484865776,2017-11-30,320.45
0.9376520681265208,0.9353022867432166,1.0,0.9949038111342812,2017-11-29,328.8
0.9267999398767476,0.9244862318506848,1.0,0.9950316885535124,2017-11-28,332.65
0.9313944817300522,0.9201209163394632,1.0,0.9950316885535124,2017-11-27,335.25
0.9398043641835968,0.9297980744407812,1.0090293453724606,1.00646674548229,2017-11-24,332.25
0.9440665154950868,0.9415999265123052,1.0136054421768708,1.0121836943335234,2017-11-21,330.75
0.937546914877646,0.9431326056462704,1.0066056147725566,1.003417547053037,2017-11-20,333.05
0.925459395376408,0.9401574940095412,1.0,0.9950316885535124,2017-11-17,337.4
0.936422252211726,0.9548525084689784,1.011845853951117,1.0099915939665365,2017-11-16,333.45
0.9601783517835178,0.9708695235524362,1.0375153751537516,1.0412282074895678,2017-11-15,325.2
0.9485115431348724,0.9669140541200846,1.0249088699878492,1.0260846989362056,2017-11-14,329.2
0.9427838164251208,0.9616984852711477,1.018719806763285,1.018511867140526,2017-11-13,331.2
0.937124849939976,0.9563675412313932,1.012605042016807,1.0109383342460505,2017-11-10,333.2
0.995219123505976,0.9979603304396,1.075378486055777,1.0845597326081615,2017-11-09,313.75
1.0,0.9963539180957472,1.0892655367231638,1.0996911576177866,2017-11-08,309.75
0.9765132408575032,0.9759208090837654,1.0636822194199242,1.066173090438962,2017-11-07,317.2
0.9416324669402644,0.9448089126537048,1.025687794497644,1.0211461089658382,2017-11-06,328.95
0.953076923076923,0.9551728460831758,1.038153846153846,1.0361708302840336,2017-11-03,325.0
0.9834894427686934,0.9837547750975356,1.071281155739006,1.0743849817475897,2017-11-02,314.95
0.9685741088180112,0.969132051730743,1.055034396497811,1.0559457794986329,2017-11-01,319.8
1.0,0.9955537403673098,1.1033355134074558,1.1034807858210518,2017-10-31,305.8
0.9798141621275231,0.9784371633275326,1.0810637616148668,1.0794228682690823,2017-10-30,312.1
0.9834378517446536,0.982601857236414,1.0850619070590126,1.0838150282729528,2017-10-27,310.95
0.95368782161235,0.955815429336232,1.0522376422891002,1.046759628168341,2017-10-26,320.65
0.9417924237757932,0.9436980244870352,1.0391130274099167,1.025537513127189,2017-10-25,324.7
1.0,1.0110246454712182,1.32573673870334,1.2941442054173562,2017-10-24,254.5
1.0,1.012841687463696,1.37293997965412,1.327571179304727,2017-10-23,245.75
1.0,1.0149569451360043,1.3913402061855669,1.33997872562987,2017-10-19,242.5
0.9930384930384932,1.00793146082425,1.3816543816543816,1.333489200941677,2017-10-18,244.2
0.9655584312164044,0.9839247495323054,1.3276926139757117,1.306945627775764,2017-10-17,251.15
0.9613478691774032,0.9811241464266708,1.3209117938553023,1.3027426643863254,2017-10-16,252.25
0.9605862547039018,0.979295235646711,1.31986531986532,1.3019784374665484,2017-10-13,252.45
0.963831478537361,0.9819599259617195,1.3243243243243243,1.202872094456785,2017-10-12,251.6
0.963831478537361,0.980847792069453,1.3243243243243243,1.1990276877993378,2017-10-11,251.6
0.9448665497759596,0.9637124295918992,1.2817066043249563,1.185563028068558,2017-10-10,256.65
0.9647901332802864,0.9920181157295388,1.2930177043962603,1.2078910107601863,2017-10-05,251.35
0.9571738701401225,0.9825782961466272,1.2828103414249064,1.1918237239979608,2017-10-04,253.35
0.964982093115798,0.99027724245637,1.2920811778750496,1.20003466117914,2017-10-03,251.3
0.955665024630542,0.9824830980672952,1.2796059113300493,1.189635994437599,2017-09-29,253.75
0.959256329113924,0.986017738230678,1.2844145569620251,1.193668411959638,2017-09-28,252.8
0.9682571371531244,0.9926742630808124,1.2964663605510085,1.2036418026976097,2017-09-27,250.45
0.9402869329197364,0.9669936625311832,1.2590151221403645,1.1657564328749417,2017-09-26,257.9
0.9375604098202204,0.9632943772177064,1.2553643920355693,1.163945949643688,2017-09-25,258.65
0.925925925925926,0.942673761675773,1.0,1.1560981531808836,2017-09-22,261.9
0.9031657355679702,0.9210626793532476,1.0,1.1401497098565283,2017-09-21,268.5
0.8963223064128627,0.9150897827985284,1.0,1.126603944291615,2017-09-20,270.55
0.9055265123226288,0.9246831902037173,1.010268857356236,1.1375535202475289,2017-09-19,267.8
0.903942254303165,0.917087645632886,1.0014806588932077,1.12763201395041,2017-09-18,270.15
0.9206028303620656,0.9209092521546632,1.0,1.122264108215989,2017-09-15,272.05
0.9143848119751734,0.916445860460592,1.0,1.1177257457367764,2017-09-14,273.9
0.9157221206581352,0.9291574218752808,1.0014625228519194,1.1194064561065618,2017-09-12,273.5
0.9246815580579656,0.9374927082690384,1.0112608454864314,1.130539894035887,2017-09-11,270.85
0.920941349512778,0.919084000563567,1.0071704357418645,0.9924451018642368,2017-09-08,271.95
0.9123861566484516,0.913101716223361,1.0,0.98341068105192,2017-09-07,274.5
0.9133843909555068,0.91427424959379,1.00109409190372,0.9848153112330382,2017-09-06,274.2
0.903173458348359,0.911584119170117,1.0,0.983948852616248,2017-09-05,277.3
0.9030106363800252,0.9222954966368376,1.001622498647918,0.9861260327802196,2017-08-31,277.35
0.9044781509570242,0.9254845989131284,1.0032502708559048,0.9882072988702052,2017-08-30,276.9
0.9051319118178532,0.9270457999489968,1.003975424647633,0.9891322865440684,2017-08-29,276.7
0.8967060508413891,0.9208390596777432,1.0,0.9843318232288258,2017-08-28,279.3
0.9338563023711892,0.9196465938044912,1.0,0.9845515003530594,2017-08-24,280.45
0.9395515695067264,0.92576896270634,1.0060986547085202,0.9923379270789504,2017-08-23,278.75
0.9770156877052172,0.9396481165843796,1.0231667274717255,1.013631707056626,2017-08-22,274.1
0.975059166211542,0.9381924614960342,1.0211177862734389,1.011113430046532,2017-08-21,274.65
0.9720078952090436,0.9266519897054026,1.0064597164902207,0.9933405433418604,2017-08-18,278.65
0.9647373107747108,0.920155878135756,1.0,0.9851834998309936,2017-08-17,280.75
0.9574054436196536,0.912709871964354,1.0,0.9855886282349682,2017-08-16,282.9
0.974105376730804,0.9285355051240208,1.0174429059521668,1.007613603803365,2017-08-14,278.05
0.9690005344735436,0.9391246746936108,1.008017103153394,0.996389006267165,2017-08-11,280.65
0.9170460293373798,0.8923518008723061,1.0,0.988683657595395,2017-08-10,296.55
0.8999007279947054,0.8823807968540578,1.0,0.98971354781396,2017-08-09,302.2
0.9020898469639624,0.8950150636504051,1.0,0.9900130475035014,2017-08-08,303.85
0.881067180970749,0.8754672446596903,1.0,0.991810382699334,2017-08-07,311.1
0.8973645441152399,0.8945652811675779,1.0184972990669503,1.0151397087136678,2017-08-04,305.45
0.911388196176226,0.9108256186556604,1.034413965087282,1.0345109965894368,2017-08-03,300.75
0.8909475052819764,0.8951849362937243,1.0112140419307656,1.0060708493746575,2017-08-02,307.65
0.8876295336787565,0.9122766922248058,1.0074481865284974,1.00132995136237,2017-08-01,308.8
0.87697968325068,0.9068661228535336,1.0,0.9921056808576276,2017-07-31,312.55
0.9161096256684492,0.9468861980728532,1.0446189839572193,1.046868902174397,2017-07-28,299.2
0.918873617163929,0.9495854527131884,1.0477707006369428,1.0505595653097262,2017-07-27,298.3
0.9267962806424346,0.9577925308661488,1.0568047337278106,1.062593901981331,2017-07-26,295.75
0.9252320675105488,0.9582501220160512,1.0550210970464136,1.0605411515831331,2017-07-25,296.25
0.9308880964510104,0.9627823146965664,1.0614705382917304,1.0679308508343233,2017-07-24,294.45
0.9576373342517652,0.9708518636121396,1.0764594454968142,1.0847608146199486,2017-07-21,290.35
0.9566488904180288,0.9699325355971372,1.0753483571305695,1.08352945611923,2017-07-20,290.65
0.9483287858117326,0.960400738986068,1.0659959072305594,1.053017897398032,2017-07-19,293.2
0.9573076260974352,0.9663276863605492,1.0760888276811844,1.0630914301213916,2017-07-18,290.45
0.9496243169398908,0.9600994854739604,1.0674521857923498,1.0500206280150195,2017-07-17,292.8
0.9624485596707816,0.962512438902666,1.0718449931412894,1.055047592002049,2017-07-14,291.6
0.9724532224532224,0.970400100036954,1.0829868329868328,1.064762010703297,2017-07-13,288.6
0.9765135699373696,0.9731703523341316,1.087508698677801,1.0678071787068018,2017-07-12,287.4
1.0,0.981669031858037,1.1020803949224258,1.0837850811164984,2017-07-11,283.6
0.993171073367186,0.9760067293542698,1.0945543687620385,1.0755862398577063,2017-07-10,285.55
1.0,0.988116199203064,1.1154532476802286,1.0979526412017804,2017-07-07,280.2
0.9975080099679602,0.9936236711898042,1.1126735493058029,1.0950417780047474,2017-07-06,280.9
1.0,1.0000535282156922,1.1365454545454543,1.1179917567346251,2017-07-05,275.0
0.9978070175438596,0.9951487944413764,1.093567251461988,1.1149034813193068,2017-06-30,273.6
1.0,0.9972851763414844,1.0977802238121446,1.119357645111032,2017-06-29,272.55
0.986070911722142,0.9820140847871572,1.0824891461649784,1.0953511942235303,2017-06-28,276.4
0.975483178239084,0.9730556423570128,1.0676449534717252,1.0825386419020533,2017-06-27,279.4
0.9435693266401246,0.9427090365333448,1.0150597195776354,1.056262075424163,2017-06-23,288.85
0.9253097946019352,0.9257736505552988,1.0,1.041673630987518,2017-06-22,294.55
0.9391798759476224,0.9396469374041944,1.0149896623018608,1.059911503492888,2017-06-21,290.2
0.9398275862068964,0.9368898769063442,1.015689655172414,1.060749944537376,2017-06-20,290.0
0.9447140381282496,0.942167439330456,1.0209705372616984,1.0670380182605057,2017-06-19,288.5
0.9534721007521428,0.9554060098609728,1.0304355431170191,1.0781459234808948,2017-06-16,285.85
0.9595141700404858,0.9656151489796576,1.036965323006513,1.0508474376535322,2017-06-15,284.05
0.9585018463161596,0.9706218750188176,1.0358712853877263,1.047089552880602,2017-06-14,284.35
0.9603594080338268,0.9738725066788768,1.0378787878787878,1.0455339725984667,2017-06-13,283.8
0.9561480442027714,0.9671172320233116,1.0333274864058937,1.033166814512274,2017-06-12,285.05
0.9447140381282496,0.9585224301270416,1.0209705372616984,1.0129631282511644,2017-06-09,288.5
0.9437326869806094,0.9556194357224944,1.019909972299169,1.0096677380523436,2017-06-08,288.8
0.937403267411866,0.9514830032647068,1.0130696474634566,1.004347621544946,2017-06-07,290.75
0.9488250652741514,0.9621918421024606,1.0254134029590949,1.0196607418703605,2017-06-06,287.25
0.9484948668870716,0.9608424417202864,1.0250565512441274,1.0192232557266183,2017-06-05,287.35
0.948329853862213,0.9618168241240936,1.0248782185107863,1.0190045119500135,2017-06-02,287.4
0.9484948668870716,0.9616189917811686,1.0250565512441274,1.0192232557266183,2017-06-01,287.35
0.9445503378963784,0.9586676539951816,1.020793623288858,1.0139732760012423,2017-05-31,288.55
0.9437326869806094,0.9585965569659408,1.019909972299169,1.012879496480814,2017-05-30,288.8
0.9786206896551723,0.954340378807622,1.015689655172414,1.0063939025869115,2017-05-25,290.0
1.0,0.9721010376555204,1.0402613455765497,1.036389918146334,2017-05-24,283.15
0.9792495244682692,0.9541674903053246,1.018675427978558,1.0101165147047992,2017-05-23,289.15
0.9617866847826086,0.9406958867947752,1.0,0.9943876116521556,2017-05-22,294.4
0.9188706798637029,0.8974899628311521,1.0,0.9961249426539966,2017-05-19,308.15
0.9346426803102822,0.914069867622486,1.0171645486053804,1.0177306121049552,2017-05-18,302.95
0.9203640500568828,0.8990185482252824,1.0016252234682268,0.9982026032203208,2017-05-17,307.65
0.9223127035830618,0.9103676048115708,1.0037459283387622,1.0009035015800538,2017-05-16,307.0
0.9424197037776668,0.9369854036578114,1.025628224330171,1.028116339796571,2017-05-15,300.45
0.9528857479387516,0.9631257555270288,1.037018340905267,1.041409300345434,2017-05-12,297.15
0.9501677852348992,0.966919137605855,1.0340604026845637,1.0378799478315808,2017-05-11,298.0
0.9611337406653088,0.9756812560086644,1.0459945689069925,1.051996535665227,2017-05-10,294.6
0.9565878378378376,0.9717920100610108,1.0410472972972973,1.045049715434979,2017-05-09,296.0
0.948099782353926,0.9651104091862844,1.0318098108153355,1.0340433046975646,2017-05-08,298.65
0.9567494509207636,0.9701630686809832,1.041223179591147,1.04425263139771,2017-05-05,295.95
0.9476238286479248,0.9605591891789907,1.031291834002677,1.0222453413675874,2017-05-04,298.8
0.9785726628650422,0.9840157961936016,1.0649732158285812,1.0592932246890543,2017-05-03,289.35
0.982307025151778,0.9868876481996514,1.0690372940156114,1.0639105935869448,2017-05-02,288.25
0.9782345828295042,0.9841695138291096,1.0646052858870272,1.0594574775898045,2017-04-28,289.45
1.0,0.997061859418694,1.0929242773541408,1.0897009628742813,2017-04-27,281.95
0.9844622905027932,0.9834741369099772,1.0759427374301676,1.0710362526797177,2017-04-26,286.4
0.9858391608391608,0.9842760379377375,1.0774475524475524,1.0727141744628026,2017-04-25,286.0
0.9873927508317282,0.9865122970864748,1.0791455086674837,1.074601791001965,2017-04-24,285.55
0.999291157185894,0.993918329209182,1.0921495658337763,1.0742550527498915,2017-04-21,282.15
0.9896454896454896,0.9866341252789116,1.0816075816075816,1.062578742431315,2017-04-20,284.9
0.9920830401125968,0.9865993123572508,1.084271639690359,1.0655510687870993,2017-04-19,284.2
0.9717387558159571,0.9692706966938586,1.060313630880579,1.0414407150921892,2017-04-18,290.15
0.9734161919558088,0.9715849607303328,1.062143966856551,1.043562437475293,2017-04-17,289.65
0.9689003436426116,0.9672282855285742,1.0268041237113403,1.0392365489021007,2017-04-13,291.0
0.9719062392278524,0.969770891703903,1.029989658738366,1.043051443366413,2017-04-12,290.1
0.959993190330269,0.9600157255174172,1.017364657814096,1.0322340052029255,2017-04-11,293.7
0.97560553633218,0.9754531502910532,1.0339100346020762,1.0520859673129137,2017-04-10,289.0
0.9742570836212856,0.9748826760909994,1.032480995162405,1.0503966332986836,2017-04-07,289.4
0.9632729757430816,0.9652489122421688,1.0208404509736932,1.036458240986717,2017-04-06,292.7
0.9502864846646444,0.9566544729367734,1.007077856420627,1.024451526245563,2017-04-05,296.7
0.961794303257718,0.9678745960094812,1.0121098413781342,1.038061883010635,2017-04-03,293.15
0.9636021872863976,0.9697750171045436,1.0140123034859876,1.0403785981423208,2017-03-31,292.6
0.9722413793103448,0.9780167726333492,1.023103448275862,1.0496145495528704,2017-03-30,290.0
0.9798436142484797,0.988421367374444,1.0311033883579497,1.0415457745814,2017-03-29,287.75
0.999291157185894,1.0006071654528306,1.0515683147262096,1.0610428732046455,2017-03-28,282.15
1.0,0.9962765453217504,1.062108466081976,1.073060671053964,2017-03-27,279.35
1.0,0.9945600810816404,1.0748052888969388,1.0872219319932328,2017-03-24,276.05
1.0,0.993801703148212,1.105027932960894,1.1143621885986597,2017-03-23,268.5
1.0,0.9939375768962616,1.1085372688212218,1.1172023086807006,2017-03-22,267.65
0.9829232464193902,0.979909000264373,1.0896070510466396,1.0931568267300569,2017-03-21,272.3
0.976824817518248,0.9733051271178492,1.082846715328467,1.082897490067588,2017-03-20,274.0
0.9764684421743888,0.9729115118290704,1.08245165997811,1.067831012288979,2017-03-17,274.1
0.9594909481986018,0.9583179581342368,1.0636314751747624,1.0417830778519148,2017-03-16,278.95
0.9648521989906272,0.9624385424941944,1.06957462148522,1.047936207757878,2017-03-15,277.4
0.9743356388787768,0.9724572242757976,1.0800873680378595,1.0598475215271272,2017-03-14,274.7
0.9838265024811614,0.9794302406338689,1.0906083440544017,1.0715363540268097,2017-03-10,272.05
0.9796852122986822,0.9813267506972646,1.08601756954612,1.066464076711178,2017-03-09,273.2
0.9923989618094178,0.9880394678046652,1.100111234705228,1.0819003016537083,2017-03-08,269.7
0.9985077410930796,0.9921787710737088,1.10688304420817,1.0891761829426878,2017-03-07,268.05
0.9916635791033716,0.98695494905042,1.0992960355687291,1.0810183239276578,2017-03-06,269.9
1.0,0.9935961282306226,1.1035263058646052,1.099418759273689,2017-03-03,265.15
0.9930711610486892,0.98705478341786,1.0958801498127342,1.0867142985150735,2017-03-02,267.0
0.974995403566832,0.9690101695210088,1.075933075933076,1.0621513801753737,2017-03-01,271.95
0.9849554234769688,0.9773004518507876,1.077265973254086,1.07437853432051,2017-02-28,269.2
0.988812231959724,0.9803867714581824,1.0730934178631364,1.0768860599396677,2017-02-27,268.15
0.9802218114602588,0.9722306179881172,1.0312384473197782,1.066419296948503,2017-02-23,270.5
0.9755334805003678,0.9687923142562912,1.026306107431935,1.0606285035868437,2017-02-22,271.8
0.9796785516349528,0.972631704176562,1.030666912987253,1.0657511525854468,2017-02-21,270.65
0.9805843195266272,0.9751309144245908,1.0316198224852071,1.057190012763495,2017-02-16,270.4
0.9869718965196352,0.9794726451553049,1.0383398473850736,1.0636608651502404,2017-02-15,268.65
0.9802218114602588,0.9751329357311572,1.0312384473197782,1.0491515284926325,2017-02-14,270.5
0.9769712601326456,0.9723470850160042,1.0221075902726602,1.03902366372949,2017-02-13,271.4
0.9598190045248868,0.9660473098524834,1.0,1.008419199954082,2017-02-10,276.25
0.9612108029726298,0.9704981399163908,1.0014500634402754,1.0018320332162474,2017-02-09,275.85
0.9561846375766316,0.9681912107286632,1.0,0.9957401810211834,2017-02-08,277.3
0.9554954954954954,0.9672542952765903,1.0,0.995163347085538,2017-02-07,277.5
0.9570474643566144,0.9691996099477618,1.0016242555495398,0.9972377751250756,2017-02-06,277.05
0.9558399423215572,0.9698031439932993,1.0003604902667629,0.995624335067524,2017-02-03,277.4
0.9723138980564724,0.98516064863327,1.0176017601760177,1.0175840293274394,2017-02-02,272.7
0.9809470958194596,0.992696029845446,1.0266370699223084,1.0286470216553592,2017-02-01,270.3
1.0,0.9958527399068412,1.0673076923076923,1.0756192344198854,2017-01-31,260.0
0.988593155893536,0.9886400763031234,1.0551330798479088,1.0575704837747688,2017-01-30,263.0
0.975609756097561,0.976234950547741,1.0412757973733584,1.0413927299559025,2017-01-27,266.5
1.0,0.9977867322303304,1.0701889703046663,1.0745077533120926,2017-01-25,259.3
1.0,0.9961248988826916,1.0895170789163722,1.0957628836812778,2017-01-24,254.7
1.0,0.994591401009617,1.0920897284533648,1.0909745351944786,2017-01-23,254.1
1.0,0.9950615720595876,1.1055776892430278,1.1014731187207172,2017-01-20,251.0
0.9717382888114596,0.970372669263706,1.0743321718931476,1.0608910383132142,2017-01-19,258.3
0.9743788819875776,0.9720453898088868,1.077251552795031,1.0641751342653545,2017-01-18,257.6
0.9798945930119072,0.9748023736464898,1.0833495998438416,1.0709774530484597,2017-01-17,256.15
0.9992035045798487,0.9911038146273908,1.105137395459976,1.080339311856972,2017-01-12,251.1
0.9960301707026598,0.9896560582693382,1.1016276300119094,1.076541964530234,2017-01-11,251.9
